article_id,title,year,is_relevant,relevance_score,relevance_labels,exclusion_reason,primary_url,pdf_urls,publisher_urls,doi,arxiv_id,identifiers,publishers,source_email_count,raw_record_count,first_seen_email_ts,last_seen_email_ts
gsa-e25db729e42b,"МОЛОДЕЖЬ. ОБЩЕСТВО. СОВРЕМЕННАЯ НАУКА, ТЕХНИКА И ИННОВАЦИИ",2026,False,0,[],missing clear distributed/edge/cloud computing context,https://elibrary.ru/item.asp?id=83049583,[],"[""https://elibrary.ru/item.asp?id=83049583""]",,,{},"[""elibrary.ru""]",1,1,2026-05-12T17:04:44,2026-05-12T17:04:44
gsa-e5060ff39505,Electric Vehicle Routing Problem with Drones Considering Weather Conditions and Time Windows,2026,False,0,[],missing clear distributed/edge/cloud computing context,https://www.mdpi.com/2032-6653/17/5/253,[],"[""https://www.mdpi.com/2032-6653/17/5/253""]",,,"{""mdpi_path"": [""2032-6653/17/5/253""]}","[""MDPI""]",1,1,2026-05-12T17:04:44,2026-05-12T17:04:44
gsa-642f49d52b3b,AI-Driven Energy Management of a Multi-Port Hybrid Renewable Microgrid with Hybrid Energy Storage,2026,False,0,[],missing clear distributed/edge/cloud computing context,https://ieeexplore.ieee.org/iel8/6287639/6514899/11511656.pdf,"[""https://ieeexplore.ieee.org/iel8/6287639/6514899/11511656.pdf""]",[],,,"{""ieee_document_id"": [""11511656""]}","[""IEEE Xplore""]",1,1,2026-05-12T17:04:44,2026-05-12T17:04:44
gsa-431fd2ba2e52,ЧИСЛЕННОЕ МОДЕЛИРОВАНИЕ ГАЗИФИКАЦИИ ТВЕРДЫХ ПОРИСТЫХ ПОЛИМЕРОВ В ДВУХКАМЕРНОМ ГАЗОГЕНЕРАТОРЕ ЛЕТАТЕЛЬНОГО АППАРАТА,2026,False,0,[],missing clear distributed/edge/cloud computing context,https://elibrary.ru/download/elibrary_88779458_57533395.pdf#page=59,"[""https://elibrary.ru/download/elibrary_88779458_57533395.pdf#page=59""]",[],,,{},"[""elibrary.ru""]",1,1,2026-05-11T04:04:27,2026-05-11T04:04:27
gsa-90adcb64ea1c,The cold chain vehicle routing problem in omni-channel retailing,2026,False,0,[],missing clear distributed/edge/cloud computing context,https://www.sciencedirect.com/science/article/pii/S0957417426014776,[],"[""https://www.sciencedirect.com/science/article/pii/S0957417426014776""]",,,"{""sciencedirect_pii"": [""S0957417426014776""]}","[""ScienceDirect""]",1,1,2026-05-11T04:04:27,2026-05-11T04:04:27
gsa-40f712818179,Centralised control of tribrid energy storage system for frequency regulation with controller hardware-in-the-loop validation,2026,False,1,"[""adaptive_learning_context""]",missing clear distributed/edge/cloud computing context,https://www.sciencedirect.com/science/article/pii/S2352152X26021791,[],"[""https://www.sciencedirect.com/science/article/pii/S2352152X26021791""]",,,"{""sciencedirect_pii"": [""S2352152X26021791""]}","[""ScienceDirect""]",1,1,2026-05-11T04:04:27,2026-05-11T04:04:27
gsa-d271c24ea6a6,Adaptive Fuzzy Secondary Load Frequency Control with Photovoltaic and Battery Energy Storage System,2026,False,1,"[""computing_context"", ""adaptive_learning_context"", ""off_topic_energy_carbon""]",energy/carbon/hydrogen topic without distributed-computing context,https://www.sciencedirect.com/science/article/pii/S1568494626007556,[],"[""https://www.sciencedirect.com/science/article/pii/S1568494626007556""]",,,"{""sciencedirect_pii"": [""S1568494626007556""]}","[""ScienceDirect""]",1,1,2026-05-11T04:04:27,2026-05-11T04:04:27
gsa-74a866e0c184,"Технологии открытой отработки крупных золоторудных месторождений России к 2025 году (Наталкинское, Павлик, Хаканджинское, Култуминское, Вернинское)",2026,False,0,[],missing clear distributed/edge/cloud computing context,https://n-gn.ru/images/pdf/2026/02/4-13.pdf,"[""https://n-gn.ru/images/pdf/2026/02/4-13.pdf""]",[],,,{},"[""n-gn.ru""]",1,1,2026-05-09T17:03:01,2026-05-09T17:03:01
gsa-bd8e8c6fed26,"Разработка стандарта, регламентирующего использование беспилотных воздушных судов при выполнении маркшейдерских работ на открытых горных работах",2026,False,0,[],missing clear distributed/edge/cloud computing context,https://cyberleninka.ru/article/n/razrabotka-standarta-reglamentiruyuschego-ispolzovanie-bespilotnyh-vozdushnyh-sudov-pri-vypolnenii-marksheyderskih-rabot-na,[],"[""https://cyberleninka.ru/article/n/razrabotka-standarta-reglamentiruyuschego-ispolzovanie-bespilotnyh-vozdushnyh-sudov-pri-vypolnenii-marksheyderskih-rabot-na""]",,,{},"[""CyberLeninka""]",1,1,2026-05-09T17:03:01,2026-05-09T17:03:01
gsa-cc227d2a4acf,Improving MPC of Hybrid Energy Storage Systems of DC Microgrids Using Deadbeat Control,2026,False,1,"[""adaptive_learning_context""]",missing clear distributed/edge/cloud computing context,https://ieeexplore.ieee.org/abstract/document/11505871/,[],"[""https://ieeexplore.ieee.org/abstract/document/11505871/""]",,,"{""ieee_document_id"": [""11505871""]}","[""IEEE Xplore""]",1,1,2026-05-09T17:03:01,2026-05-09T17:03:01
gsa-4707d595f16a,Fast integral terminal sliding mode control of a multisource hybrid energy storage system in extended-range electric vehicles,2026,False,1,"[""adaptive_learning_context""]",missing clear distributed/edge/cloud computing context,https://www.sciencedirect.com/science/article/pii/S0960077926005679,[],"[""https://www.sciencedirect.com/science/article/pii/S0960077926005679""]",,,"{""sciencedirect_pii"": [""S0960077926005679""]}","[""ScienceDirect""]",1,1,2026-05-09T17:03:01,2026-05-09T17:03:01
gsa-e2082945c60a,Distributed V2G-Enabled Multiport DC Charging System with Hierarchical Charging Management Strategy,2026,False,3,"[""computing_context""]",missing clear distributed/edge/cloud computing context,https://researchportal.vub.be/files/267616879/wevj-17-00199-v2.pdf,"[""https://researchportal.vub.be/files/267616879/wevj-17-00199-v2.pdf""]",[],,,{},"[""researchportal.vub.be""]",1,1,2026-05-09T17:03:01,2026-05-09T17:03:01
gsa-f4a025af71b3,An Exact Algorithm for the Vehicle Routing Problem with Time Windows and Perishable Products,2026,False,0,[],missing clear distributed/edge/cloud computing context,https://pubsonline.informs.org/doi/abs/10.1287/trsc.2025.0262,[],"[""https://pubsonline.informs.org/doi/abs/10.1287/trsc.2025.0262""]",10.1287/trsc.2025.0262,,"{""doi"": [""10.1287/trsc.2025.0262""]}","[""pubsonline.informs.org""]",1,1,2026-05-09T17:03:01,2026-05-09T17:03:01
gsa-af0428a50194,A novel optimization framework for hydro-wind-PV-storage systems based on coordinated operation of hybrid energy storage,2026,False,2,"[""task_resource_context""]",missing clear distributed/edge/cloud computing context,https://pubs.aip.org/aip/jrse/article/18/3/036302/3388880,[],"[""https://pubs.aip.org/aip/jrse/article/18/3/036302/3388880""]",,,{},"[""pubs.aip.org""]",1,1,2026-05-09T17:03:01,2026-05-09T17:03:01
gsa-3d1579fd802e,SOCSOH-HDL: HYBRID DEEP LEARNING FRAMEWORK FOR CONCURRENT ESTIMATION OF STATE-OF-CHARGE AND STATE-OF-HEALTH IN LITHIUM-ION EV BATTERIES,2026,False,1,"[""adaptive_learning_context""]",missing clear distributed/edge/cloud computing context,http://www.jatit.org/volumes/Vol104No8/27Vol104No8.pdf,"[""http://www.jatit.org/volumes/Vol104No8/27Vol104No8.pdf""]",[],,,{},"[""www.jatit.org""]",1,1,2026-05-06T00:29:28,2026-05-06T00:29:28
gsa-6ba53fc36fcd,Открытые горные работы,2026,False,0,[],missing clear distributed/edge/cloud computing context,https://rep.bntu.by/bitstream/handle/data/166971/Otkrytye_gornye_raboty.pdf?sequence=1,"[""https://rep.bntu.by/bitstream/handle/data/166971/Otkrytye_gornye_raboty.pdf?sequence=1""]",[],,,{},"[""rep.bntu.by""]",1,1,2026-05-04T11:09:30,2026-05-04T11:09:30
gsa-1dabff4a04e9,Hybrid energy storage system control method applied to floating wind-solar-wave multi-energy complementary power generation systems,2026,False,1,"[""adaptive_learning_context""]",missing clear distributed/edge/cloud computing context,https://link.springer.com/article/10.1007/s43236-026-01275-7,[],"[""https://link.springer.com/article/10.1007/s43236-026-01275-7""]",10.1007/s43236-026-01275-7,,"{""doi"": [""10.1007/s43236-026-01275-7""]}","[""Springer""]",1,1,2026-05-04T11:09:30,2026-05-04T11:09:30
gsa-12b5cdf129fc,Dynamic adaptive large neighborhood search approach for the uncertain multi-objective green vehicle routing problem,2026,True,4,"[""computing_context"", ""adaptive_learning_context""]",,https://www.sciencedirect.com/science/article/pii/S1568494626007714,[],"[""https://www.sciencedirect.com/science/article/pii/S1568494626007714""]",,,"{""sciencedirect_pii"": [""S1568494626007714""]}","[""ScienceDirect""]",1,1,2026-05-04T11:09:30,2026-05-04T11:09:30
gsa-9fec5c28de78,Bi-Learning Evolutionary Optimization with Substructure Preservation for the Capacitated Vehicle Routing Problem,2026,True,6,"[""computing_context"", ""task_resource_context"", ""adaptive_learning_context""]",,https://ieeexplore.ieee.org/abstract/document/11494873/,[],"[""https://ieeexplore.ieee.org/abstract/document/11494873/""]",,,"{""ieee_document_id"": [""11494873""]}","[""IEEE Xplore""]",1,1,2026-05-04T11:09:30,2026-05-04T11:09:30
gsa-16c7a13796f6,Balancing with batteries: The impact of revenue stacking and skip rates on battery energy storage profitability in Great Britain,2026,False,-3,"[""off_topic_energy_carbon""]",energy/carbon/hydrogen topic without distributed-computing context,https://www.sciencedirect.com/science/article/pii/S2352152X26019924,[],"[""https://www.sciencedirect.com/science/article/pii/S2352152X26019924""]",,,"{""sciencedirect_pii"": [""S2352152X26019924""]}","[""ScienceDirect""]",1,1,2026-05-01T05:00:44,2026-05-01T05:00:44
gsa-57fa450f472e,A Multiport/Multiphase DC/DC Converter with Coupled Inductors for Hybrid Energy Storage Systems Suitable for Aircraft Applications,2026,False,0,[],missing clear distributed/edge/cloud computing context,https://www.mdpi.com/2075-1702/14/5/490,[],"[""https://www.mdpi.com/2075-1702/14/5/490""]",,,"{""mdpi_path"": [""2075-1702/14/5/490""]}","[""MDPI""]",1,1,2026-05-01T05:00:44,2026-05-01T05:00:44
gsa-f120af8daea3,Collaborative operation optimization and comprehensive benefit evaluation of an integrated wind-PV-thermal-energy storage system,2026,False,2,"[""task_resource_context""]",missing clear distributed/edge/cloud computing context,https://www.spiedigitallibrary.org/conference-proceedings-of-spie/14179/1417937/Collaborative-operation-optimization-and-comprehensive-benefit-evaluation-of-an-integrated/10.1117/12.3108001.short,[],"[""https://www.spiedigitallibrary.org/conference-proceedings-of-spie/14179/1417937/Collaborative-operation-optimization-and-comprehensive-benefit-evaluation-of-an-integrated/10.1117/12.3108001.short""]",,,{},"[""www.spiedigitallibrary.org""]",1,1,2026-04-29T20:08:12,2026-04-29T20:08:12
gsa-502f484ce97c,Aging-aware fleet management for electric vehicle routing problem,2026,False,0,[],missing clear distributed/edge/cloud computing context,https://www.sciencedirect.com/science/article/pii/S0360835226002275,[],"[""https://www.sciencedirect.com/science/article/pii/S0360835226002275""]",,,"{""sciencedirect_pii"": [""S0360835226002275""]}","[""ScienceDirect""]",1,1,2026-04-29T20:08:12,2026-04-29T20:08:12
gsa-ed62189d809e,РОЛЬ ЦИФРОВЫХ РЕШЕНИЙ В ОПТИМИЗАЦИИ УПРАВЛЕНЧЕСКОГО УЧЕТА И СНИЖЕНИИ ИЗДЕРЖЕК В АГРОПРОМЫШЛЕННОМ КОМПЛЕКСЕ,2026,False,0,[],missing clear distributed/edge/cloud computing context,https://elibrary.ru/item.asp?id=83198719,[],"[""https://elibrary.ru/item.asp?id=83198719""]",,,{},"[""elibrary.ru""]",1,1,2026-04-28T08:07:26,2026-04-28T08:07:26
gsa-cbe9646ec66d,МЕТРОЛОГИЧЕСКИЕ АСПЕКТЫ ПРОГРАММЫ ГАЗИФИКАЦИИ РОССИИ,2026,False,0,[],missing clear distributed/edge/cloud computing context,https://elibrary.ru/item.asp?id=88802402,[],"[""https://elibrary.ru/item.asp?id=88802402""]",,,{},"[""elibrary.ru""]",1,1,2026-04-28T08:07:26,2026-04-28T08:07:26
gsa-fc05a672182f,Multi-depot electric vehicle routing problem with half-open rotations: a formulation and metaheuristic algorithms,2026,False,0,[],missing clear distributed/edge/cloud computing context,https://www.sciencedirect.com/science/article/pii/S0305054826001206,[],"[""https://www.sciencedirect.com/science/article/pii/S0305054826001206""]",,,"{""sciencedirect_pii"": [""S0305054826001206""]}","[""ScienceDirect""]",1,1,2026-04-28T08:07:26,2026-04-28T08:07:26
gsa-0140c5fdec3f,Power quality enhancement in a solar-powered grid-integrated distributed system with hybrid energy storage,2026,False,3,"[""computing_context""]",missing clear distributed/edge/cloud computing context,https://www.sciencedirect.com/science/article/pii/S2352152X26018931,[],"[""https://www.sciencedirect.com/science/article/pii/S2352152X26018931""]",,,"{""sciencedirect_pii"": [""S2352152X26018931""]}","[""ScienceDirect""]",1,1,2026-04-26T20:01:59,2026-04-26T20:01:59
gsa-0db9f0b91f72,Solar Tree-Shaped Renewable Energy Storage System with Lightning Protection,2026,False,-3,"[""off_topic_energy_carbon""]",energy/carbon/hydrogen topic without distributed-computing context,https://www.sciencedirect.com/science/article/pii/S305047592600432X,[],"[""https://www.sciencedirect.com/science/article/pii/S305047592600432X""]",,,"{""sciencedirect_pii"": [""S305047592600432X""]}","[""ScienceDirect""]",1,1,2026-04-25T14:28:35,2026-04-25T14:28:35
gsa-00fd686739dd,Dual-level Collaborative Optimization Model of Integrated Energy Systems with Electricity-Thermal-Hydrogen Hybrid Energy Storage,2026,False,-1,"[""task_resource_context"", ""off_topic_energy_carbon""]",energy/carbon/hydrogen topic without distributed-computing context,https://www.sciencedirect.com/science/article/pii/S0360544226012016,[],"[""https://www.sciencedirect.com/science/article/pii/S0360544226012016""]",,,"{""sciencedirect_pii"": [""S0360544226012016""]}","[""ScienceDirect""]",1,1,2026-04-25T14:28:35,2026-04-25T14:28:35
gsa-919c593638eb,Deep Reinforcement Learning-Based Mobile Battery Energy Storage System Control With Partial Observability and Data Imputation,2026,False,-2,"[""adaptive_learning_context"", ""off_topic_energy_carbon""]",energy/carbon/hydrogen topic without distributed-computing context,https://ieeexplore.ieee.org/abstract/document/11475874/,[],"[""https://ieeexplore.ieee.org/abstract/document/11475874/""]",,,"{""ieee_document_id"": [""11475874""]}","[""IEEE Xplore""]",2,2,2026-04-22T18:44:33,2026-04-25T14:28:35
gsa-62b74d7de5d9,A hybrid energy storage system power allocation and multi-objective fuzzy control strategy for assisting photovoltaic power generation into the grid,2026,False,-2,"[""adaptive_learning_context"", ""off_topic_energy_carbon""]",energy/carbon/hydrogen topic without distributed-computing context,https://iopscience.iop.org/article/10.1088/2631-8695/ae62db/meta,[],"[""https://iopscience.iop.org/article/10.1088/2631-8695/ae62db/meta""]",10.1088/2631-8695,,"{""doi"": [""10.1088/2631-8695""]}","[""IOPscience""]",1,1,2026-04-25T14:28:35,2026-04-25T14:28:35
gsa-61ad3b69ab45,GTEA: A Game-Theoretic Evolutionary Algorithm for Solving Vehicle Routing Problem With Time Windows Under Uncertain Travel Times,2026,False,1,"[""adaptive_learning_context""]",missing clear distributed/edge/cloud computing context,https://ieeexplore.ieee.org/abstract/document/11466479/,[],"[""https://ieeexplore.ieee.org/abstract/document/11466479/""]",,,"{""ieee_document_id"": [""11466479""]}","[""IEEE Xplore""]",1,1,2026-04-22T18:44:33,2026-04-22T18:44:33
gsa-3807b2d247c8,Hierarchical sizing optimization for electric racing cars with hybrid energy storage system,2025,False,2,"[""task_resource_context""]",missing clear distributed/edge/cloud computing context,https://www.sciencedirect.com/science/article/pii/S2352152X25037545,[],"[""https://www.sciencedirect.com/science/article/pii/S2352152X25037545""]",,,"{""sciencedirect_pii"": [""S2352152X25037545""]}","[""ScienceDirect""]",1,1,2025-11-19T12:55:40,2025-11-19T12:55:40
gsa-9d7e9294ce0d,Fuzzy Reinforcement Learning-based Energy Management Strategy for the Integration of Hybrid Energy Storage System of Electric Vehicle,2025,False,1,"[""adaptive_learning_context""]",missing clear distributed/edge/cloud computing context,https://www.sciencedirect.com/science/article/pii/S2590123025039271,[],"[""https://www.sciencedirect.com/science/article/pii/S2590123025039271""]",,,"{""sciencedirect_pii"": [""S2590123025039271""]}","[""ScienceDirect""]",1,1,2025-11-19T12:55:40,2025-11-19T12:55:40
gsa-4ba6c63895bb,"Cryogenic Carnot battery energy storage system for utilization of LNG cold energy: Optimization, thermodynamic and economic analysis",2025,False,-1,"[""task_resource_context"", ""off_topic_energy_carbon""]",energy/carbon/hydrogen topic without distributed-computing context,https://www.sciencedirect.com/science/article/pii/S036054422504695X,[],"[""https://www.sciencedirect.com/science/article/pii/S036054422504695X""]",,,"{""sciencedirect_pii"": [""S036054422504695X""]}","[""ScienceDirect""]",1,1,2025-11-19T12:55:40,2025-11-19T12:55:40
gsa-26f43ddc1edb,Continuous Smooth Adaptive Barrier Function-Based Sliding Mode Controller for Hybrid Energy Storage System of Electric Vehicle,2025,False,1,"[""adaptive_learning_context""]",missing clear distributed/edge/cloud computing context,https://link.springer.com/article/10.1007/s13369-025-10853-z,[],"[""https://link.springer.com/article/10.1007/s13369-025-10853-z""]",10.1007/s13369-025-10853-z,,"{""doi"": [""10.1007/s13369-025-10853-z""]}","[""Springer""]",1,1,2025-11-19T12:55:40,2025-11-19T12:55:40
gsa-621eb3a12558,Advanced control strategy based on hybrid energy storage system for frequency stability of interconnected power system with high renewables penetration,2025,False,1,"[""adaptive_learning_context""]",missing clear distributed/edge/cloud computing context,https://www.nature.com/articles/s41598-025-23283-6,[],"[""https://www.nature.com/articles/s41598-025-23283-6""]",10.1038/s41598-025-23283-6,,"{""doi"": [""10.1038/s41598-025-23283-6""]}","[""Nature""]",1,1,2025-11-19T12:55:40,2025-11-19T12:55:40
gsa-40bb9aa349ba,A hierarchical real-time energy management and control strategy for fully-active battery/supercapacitor hybrid energy storage system,2026,False,1,"[""adaptive_learning_context""]",missing clear distributed/edge/cloud computing context,https://www.sciencedirect.com/science/article/pii/S2352152X25040976,[],"[""https://www.sciencedirect.com/science/article/pii/S2352152X25040976""]",,,"{""sciencedirect_pii"": [""S2352152X25040976""]}","[""ScienceDirect""]",1,1,2025-11-19T12:55:40,2025-11-19T12:55:40
gsa-6b8f0851bcad,Federated Reinforcement Learning with Hybrid Optimization for Secure and Reliable Data Transmission in Wireless Sensor Networks (WSNs),2025,True,7,"[""computing_context"", ""task_resource_context"", ""adaptive_learning_context"", ""network_context""]",,https://research.edgehill.ac.uk/files/102468057/mathematics-13-03196-v2.pdf,"[""https://research.edgehill.ac.uk/files/102468057/mathematics-13-03196-v2.pdf""]",[],,,{},"[""research.edgehill.ac.uk""]",1,1,2025-10-25T16:14:07,2025-10-25T16:14:07
gsa-d93402c91db8,An Energy-Efficient Edge Coprocessor for Neural Rendering with Explicit Data Reuse Strategies,2025,False,3,"[""computing_context""]",missing clear distributed/edge/cloud computing context,https://arxiv.org/pdf/2510.07667,"[""https://arxiv.org/pdf/2510.07667""]",[],,2510.07667,"{""arxiv_id"": [""2510.07667""]}","[""arXiv""]",1,1,2025-10-25T16:14:07,2025-10-25T16:14:07
gsa-69f79dc94d6b,"On Joint Revenue Maximization, Resource Allocation and Task Offloading for Crowdsourcing-like Edge Computing",2025,True,8,"[""computing_context"", ""task_resource_context"", ""strong_computing_context"", ""network_context""]",,https://ieeexplore.ieee.org/abstract/document/11202903/,[],"[""https://ieeexplore.ieee.org/abstract/document/11202903/""]",,,"{""ieee_document_id"": [""11202903""]}","[""IEEE Xplore""]",1,1,2025-10-20T20:12:56,2025-10-20T20:12:56
gsa-fa8ebd8c9870,Multi-agent Deep Reinforcement Learning-Based Hierarchical Scheduling in Heterogeneous UAVs Enabled Vehicular Networks,2025,True,7,"[""computing_context"", ""task_resource_context"", ""adaptive_learning_context"", ""network_context""]",,https://ieeexplore.ieee.org/abstract/document/11204173/,[],"[""https://ieeexplore.ieee.org/abstract/document/11204173/""]",,,"{""ieee_document_id"": [""11204173""]}","[""IEEE Xplore""]",1,1,2025-10-20T20:12:56,2025-10-20T20:12:56
gsa-3014f93f0c04,Effectiveness of wax additives in cast asphalt concrete mixtures Magazine of Civil Engineering. 2025. 18 (4),2025,False,0,[],missing clear distributed/edge/cloud computing context,https://engstroy.spbstu.ru/userfiles/files/2025/18%284%29/07.pdf,"[""https://engstroy.spbstu.ru/userfiles/files/2025/18%284%29/07.pdf""]",[],,,{},"[""engstroy.spbstu.ru""]",1,1,2025-10-20T20:12:56,2025-10-20T20:12:56
gsa-37b3ff633eba,"Choice of an efficient, sustainable and cost-effective energy storage system for optimal operation of a microgrid system incorporating adaptive demand side management strategies",2025,False,1,"[""adaptive_learning_context""]",missing clear distributed/edge/cloud computing context,https://www.sciencedirect.com/science/article/pii/S2352152X25036096,[],"[""https://www.sciencedirect.com/science/article/pii/S2352152X25036096""]",,,"{""sciencedirect_pii"": [""S2352152X25036096""]}","[""ScienceDirect""]",1,1,2025-10-20T20:12:56,2025-10-20T20:12:56
gsa-7664f978e9f7,A High-Precision Object Detection Algorithm for UAV Aerial Images: WI-YOLO,2025,False,2,"[""computing_context"", ""network_context"", ""vision_detection_noise""]",computer-vision/object-detection topic without distributed-computing context,https://academics.erytis.com/index.php/jcsft/article/view/136/131,"[""https://academics.erytis.com/index.php/jcsft/article/view/136/131""]",[],,,{},"[""academics.erytis.com""]",1,1,2025-10-20T20:12:56,2025-10-20T20:12:56
gsa-1e239c079680,A Deep Reinforcement Learning with Transformer Integration for Directed Acyclic Graph Scheduling in Edge Networks,2025,True,9,"[""computing_context"", ""task_resource_context"", ""adaptive_learning_context"", ""strong_computing_context"", ""network_context""]",,https://ieeexplore.ieee.org/abstract/document/11204819/,[],"[""https://ieeexplore.ieee.org/abstract/document/11204819/""]",,,"{""ieee_document_id"": [""11204819""]}","[""IEEE Xplore""]",1,1,2025-10-20T20:12:56,2025-10-20T20:12:56
gsa-95e967b88571,Personalized Federated Learning for Intelligent Slice-Based Task Offloading and Slice Resource Allocation in Sliced B5G MEC-Enabled Network,2025,True,9,"[""computing_context"", ""task_resource_context"", ""adaptive_learning_context"", ""strong_computing_context"", ""network_context""]",,https://ieeexplore.ieee.org/abstract/document/11173198/,[],"[""https://ieeexplore.ieee.org/abstract/document/11173198/""]",,,"{""ieee_document_id"": [""11173198""]}","[""IEEE Xplore""]",1,1,2025-09-23T06:48:26,2025-09-23T06:48:26
gsa-93416715535e,Noise-Aware State-Space Method for Underwater Object Detection,2025,False,-2,"[""vision_detection_noise""]",computer-vision/object-detection topic without distributed-computing context,https://www.sciencedirect.com/science/article/pii/S0031320325010362,[],"[""https://www.sciencedirect.com/science/article/pii/S0031320325010362""]",,,"{""sciencedirect_pii"": [""S0031320325010362""]}","[""ScienceDirect""]",1,1,2025-09-23T06:48:26,2025-09-23T06:48:26
gsa-fef2f03bd1f5,FOFF: an energy-efficient task offloading in VEC-enabled vehicular networks using fuzzy TOPSIS,2025,True,9,"[""computing_context"", ""task_resource_context"", ""adaptive_learning_context"", ""strong_computing_context"", ""network_context""]",,https://link.springer.com/article/10.1007/s10586-025-05519-2,[],"[""https://link.springer.com/article/10.1007/s10586-025-05519-2""]",10.1007/s10586-025-05519-2,,"{""doi"": [""10.1007/s10586-025-05519-2""]}","[""Springer""]",1,1,2025-09-23T06:48:26,2025-09-23T06:48:26
gsa-9d2405a14950,CF-YOLO: a cross-layer feature fusion YOLO framework for small object detection,2025,False,-2,"[""vision_detection_noise""]",computer-vision/object-detection topic without distributed-computing context,https://www.spiedigitallibrary.org/journals/journal-of-electronic-imaging/volume-34/issue-5/053006/CF-YOLO--a-cross-layer-feature-fusion-YOLO-framework/10.1117/1.JEI.34.5.053006.short,[],"[""https://www.spiedigitallibrary.org/journals/journal-of-electronic-imaging/volume-34/issue-5/053006/CF-YOLO--a-cross-layer-feature-fusion-YOLO-framework/10.1117/1.JEI.34.5.053006.short""]",,,{},"[""www.spiedigitallibrary.org""]",1,1,2025-09-23T06:48:26,2025-09-23T06:48:26
gsa-2cbe3c06c293,YOLO for Urban Traffic: Insights,2025,False,1,"[""computing_context"", ""vision_detection_noise""]",computer-vision/object-detection topic without distributed-computing context,https://www.google.com/books?hl=en&lr=lang_en&id=bJqCEQAAQBAJ&oi=fnd&pg=PA13,[],"[""https://www.google.com/books?hl=en&lr=lang_en&id=bJqCEQAAQBAJ&oi=fnd&pg=PA13""]",,,"{""google_books_id"": [""bJqCEQAAQBAJ""], ""google_books_page"": [""PA13""]}","[""Google Books""]",1,1,2025-09-07T04:19:04,2025-09-07T04:19:04
gsa-a816cea0719f,Stability analysis and impedance shaping of MW-Level photovoltaic energy storage system integrated in traction power supply system,2025,False,-3,"[""off_topic_energy_carbon""]",energy/carbon/hydrogen topic without distributed-computing context,https://www.sciencedirect.com/science/article/pii/S0142061525006209,[],"[""https://www.sciencedirect.com/science/article/pii/S0142061525006209""]",,,"{""sciencedirect_pii"": [""S0142061525006209""]}","[""ScienceDirect""]",1,1,2025-09-07T04:19:04,2025-09-07T04:19:04
gsa-934ea1d5e456,SW-YOLO: Wildlife Object Detection Based on Segment Anything and YOLO,2025,False,-1,"[""network_context"", ""vision_detection_noise""]",computer-vision/object-detection topic without distributed-computing context,https://www.google.com/books?hl=en&lr=lang_en&id=UPB_EQAAQBAJ&oi=fnd&pg=PA212,[],"[""https://www.google.com/books?hl=en&lr=lang_en&id=UPB_EQAAQBAJ&oi=fnd&pg=PA212""]",,,"{""google_books_id"": [""UPB_EQAAQBAJ""], ""google_books_page"": [""PA212""]}","[""Google Books""]",1,1,2025-09-07T04:19:04,2025-09-07T04:19:04
gsa-cea59371864c,A Knowledge Distillation-empowered Adaptive Federated Reinforcement Learning Framework for Multi-Domain IoT Applications Scheduling,2025,True,7,"[""computing_context"", ""task_resource_context"", ""adaptive_learning_context"", ""network_context""]",,https://arxiv.org/pdf/2508.21328,"[""https://arxiv.org/pdf/2508.21328""]",[],,2508.21328,"{""arxiv_id"": [""2508.21328""]}","[""arXiv""]",1,1,2025-09-07T04:19:04,2025-09-07T04:19:04
gsa-80bae793ad9c,SD-YOLO: A Robust and Efficient Object Detector for Aerial Image Detection,2025,False,-2,"[""vision_detection_noise""]",computer-vision/object-detection topic without distributed-computing context,https://ieeexplore.ieee.org/iel8/4609443/4609444/11087954.pdf,"[""https://ieeexplore.ieee.org/iel8/4609443/4609444/11087954.pdf""]",[],,,"{""ieee_document_id"": [""11087954""]}","[""IEEE Xplore""]",1,1,2025-08-18T03:11:55,2025-08-18T03:11:55
gsa-601dac78ca43,Traffic-Aware Cloud-Edge Collaborative Offloading for Vehicular Tasks At Complex Intersections,2025,True,6,"[""computing_context"", ""task_resource_context"", ""network_context""]",,https://ieeexplore.ieee.org/abstract/document/11112731/,[],"[""https://ieeexplore.ieee.org/abstract/document/11112731/""]",,,"{""ieee_document_id"": [""11112731""]}","[""IEEE Xplore""]",1,1,2025-08-09T11:56:06,2025-08-09T11:56:06
gsa-89e8b0f67afd,Throughput-Aware Cooperative Task Offloading in Dynamic Mobile Edge Computing Systems,2025,True,7,"[""computing_context"", ""task_resource_context"", ""strong_computing_context""]",,https://ieeexplore.ieee.org/abstract/document/11095639/,[],"[""https://ieeexplore.ieee.org/abstract/document/11095639/""]",,,"{""ieee_document_id"": [""11095639""]}","[""IEEE Xplore""]",3,3,2025-07-29T09:24:03,2025-08-09T11:56:06
gsa-a1c73579af5a,Resource optimization for minimizing latency and cost in UAV-assisted mobile edge computing (MEC) networks,2025,True,8,"[""computing_context"", ""task_resource_context"", ""strong_computing_context"", ""network_context""]",,https://www.sciencedirect.com/science/article/pii/S1389128625005547,[],"[""https://www.sciencedirect.com/science/article/pii/S1389128625005547""]",,,"{""sciencedirect_pii"": [""S1389128625005547""]}","[""ScienceDirect""]",1,1,2025-08-09T11:56:06,2025-08-09T11:56:06
gsa-2c7bd3aca48a,Deep reinforcement learning for optimizing computation latency in wireless-powered Multi-Access Edge Computing systems: A partial offloading approach,2025,True,9,"[""computing_context"", ""task_resource_context"", ""adaptive_learning_context"", ""strong_computing_context"", ""network_context""]",,https://www.sciencedirect.com/science/article/pii/S1570870525002197,[],"[""https://www.sciencedirect.com/science/article/pii/S1570870525002197""]",,,"{""sciencedirect_pii"": [""S1570870525002197""]}","[""ScienceDirect""]",1,1,2025-08-09T11:56:06,2025-08-09T11:56:06
gsa-1ab07a69edc6,Optimizing Multi-UAV-Enabled MEC Networks for Deep Learning Tasks: A Joint Offloading and Deployment Approach,2025,True,9,"[""computing_context"", ""task_resource_context"", ""adaptive_learning_context"", ""strong_computing_context"", ""network_context""]",,https://ieeexplore.ieee.org/abstract/document/11106814/,[],"[""https://ieeexplore.ieee.org/abstract/document/11106814/""]",,,"{""ieee_document_id"": [""11106814""]}","[""IEEE Xplore""]",1,1,2025-08-06T20:27:24,2025-08-06T20:27:24
gsa-c584eddff71f,Enhancing road safety: UAV-enabled warning message dissemination in urban and rural environments for VANETS,2025,False,4,"[""computing_context"", ""network_context""]",missing clear distributed/edge/cloud computing context,https://www.inderscienceonline.com/doi/abs/10.1504/IJCNDS.2025.147272,[],"[""https://www.inderscienceonline.com/doi/abs/10.1504/IJCNDS.2025.147272""]",10.1504/IJCNDS.2025.147272,,"{""doi"": [""10.1504/IJCNDS.2025.147272""]}","[""www.inderscienceonline.com""]",1,1,2025-08-06T20:27:24,2025-08-06T20:27:24
gsa-9741230fa72d,Deep Reinforcement Learning-Based Joint Trajectory Design and Resource Allocation for Secure and Energy-Efficient UAV Networks,2025,True,7,"[""computing_context"", ""task_resource_context"", ""adaptive_learning_context"", ""network_context""]",,https://ieeexplore.ieee.org/iel8/8782661/8901158/11106477.pdf,"[""https://ieeexplore.ieee.org/iel8/8782661/8901158/11106477.pdf""]",[],,,"{""ieee_document_id"": [""11106477""]}","[""IEEE Xplore""]",1,1,2025-08-06T20:27:24,2025-08-06T20:27:24
gsa-5a3e6fc58bf8,Краткий справочник по открытым горным работам,2025,False,0,[],missing clear distributed/edge/cloud computing context,https://cir.nii.ac.jp/crid/1971712334758395441,[],"[""https://cir.nii.ac.jp/crid/1971712334758395441""]",,,{},"[""cir.nii.ac.jp""]",1,1,2025-08-05T00:55:25,2025-08-05T00:55:25
gsa-0708c0d0d617,Energy-Efficient Task Offloading and DNN Inference in Dynamic STAR-RIS Assisted MEC With Decomposition Based DRL,2025,True,8,"[""computing_context"", ""task_resource_context"", ""strong_computing_context"", ""network_context""]",,https://ieeexplore.ieee.org/abstract/document/11106326/,[],"[""https://ieeexplore.ieee.org/abstract/document/11106326/""]",,,"{""ieee_document_id"": [""11106326""]}","[""IEEE Xplore""]",1,1,2025-08-05T00:55:25,2025-08-05T00:55:25
gsa-36dfef7c267b,EDCSSM: Edge Detection With Convolutional State Space Model,2025,False,3,"[""computing_context""]",missing clear distributed/edge/cloud computing context,https://ieeexplore.ieee.org/abstract/document/11105559/,[],"[""https://ieeexplore.ieee.org/abstract/document/11105559/""]",,,"{""ieee_document_id"": [""11105559""]}","[""IEEE Xplore""]",1,1,2025-08-05T00:55:25,2025-08-05T00:55:25
gsa-8b4ac3230e6d,"ECO-V2G: Joint Optimization of EV Charging, Discharging, and Task Offloading in V2G Networks with Heuristic McCormick",2025,True,6,"[""computing_context"", ""task_resource_context"", ""network_context""]",,https://ieeexplore.ieee.org/abstract/document/11105542/,[],"[""https://ieeexplore.ieee.org/abstract/document/11105542/""]",,,"{""ieee_document_id"": [""11105542""]}","[""IEEE Xplore""]",1,1,2025-08-05T00:55:25,2025-08-05T00:55:25
gsa-7507e604824a,Computation Offloading Based on Multi-Agent Deep Reinforcement Learning in Vehicle Edge-Cloud Computing,2025,True,8,"[""computing_context"", ""task_resource_context"", ""adaptive_learning_context"", ""strong_computing_context""]",,https://ieeexplore.ieee.org/abstract/document/11085100/,[],"[""https://ieeexplore.ieee.org/abstract/document/11085100/""]",,,"{""ieee_document_id"": [""11085100""]}","[""IEEE Xplore""]",1,1,2025-08-05T00:55:25,2025-08-05T00:55:25
gsa-0fb1e5e39a40,Category Attribute-Oriented Heterogeneous Resource Allocation and Task Offloading for SAGIN Edge Computing,2025,True,8,"[""computing_context"", ""task_resource_context"", ""strong_computing_context"", ""network_context""]",,https://www.mdpi.com/2224-2708/14/4/81,[],"[""https://www.mdpi.com/2224-2708/14/4/81""]",,,"{""mdpi_path"": [""2224-2708/14/4/81""]}","[""MDPI""]",1,1,2025-08-05T00:55:25,2025-08-05T00:55:25
gsa-ceb08b2a87cb,Текника безопасности на открытых горных работах,2025,False,0,[],missing clear distributed/edge/cloud computing context,https://cir.nii.ac.jp/crid/1971149384875384577,[],"[""https://cir.nii.ac.jp/crid/1971149384875384577""]",,,{},"[""cir.nii.ac.jp""]",1,1,2025-08-01T08:54:09,2025-08-01T08:54:09
gsa-dee92007a17e,Оценка производительности распределенных вычислений методами математического моделирования в инжиниринге,2025,True,5,"[""computing_context"", ""strong_computing_context""]",,https://rep.polessu.by/bitstream/123456789/34233/1/Otsenka_proizvoditelnosti_raspredelennykh_vychislenii.pdf,"[""https://rep.polessu.by/bitstream/123456789/34233/1/Otsenka_proizvoditelnosti_raspredelennykh_vychislenii.pdf""]",[],,,{},"[""rep.polessu.by""]",1,1,2025-08-01T08:54:09,2025-08-01T08:54:09
gsa-68e1b05ff099,PE-RLHF: Reinforcement Learning with Human Feedback and physics knowledge for safe and trustworthy autonomous driving,2025,False,-1,"[""adaptive_learning_context"", ""vision_detection_noise""]",computer-vision/object-detection topic without distributed-computing context,https://www.sciencedirect.com/science/article/pii/S0968090X25002669,[],"[""https://www.sciencedirect.com/science/article/pii/S0968090X25002669""]",,,"{""sciencedirect_pii"": [""S0968090X25002669""]}","[""ScienceDirect""]",1,1,2025-08-01T08:54:09,2025-08-01T08:54:09
gsa-9c682eb859be,Mobility-aware task offloading in UAV-MEC-assisted IoV: A two-stage approach,2025,True,8,"[""computing_context"", ""task_resource_context"", ""strong_computing_context"", ""network_context""]",,https://www.sciencedirect.com/science/article/pii/S1570870525002045,[],"[""https://www.sciencedirect.com/science/article/pii/S1570870525002045""]",,,"{""sciencedirect_pii"": [""S1570870525002045""]}","[""ScienceDirect""]",1,1,2025-08-01T08:54:09,2025-08-01T08:54:09
gsa-db004444069d,Large Language Model-Based Task Offloading and Resource Allocation for Digital Twin Edge Computing Networks,2025,True,8,"[""computing_context"", ""task_resource_context"", ""strong_computing_context"", ""network_context""]",,https://arxiv.org/pdf/2507.19050,"[""https://arxiv.org/pdf/2507.19050""]",[],,2507.19050,"{""arxiv_id"": [""2507.19050""]}","[""arXiv""]",1,1,2025-08-01T08:54:09,2025-08-01T08:54:09
gsa-88602b139d5a,Federated Prompt-based Decision Transformer for Resource Allocation of Customized VR Streaming in Mobile Edge Computing,2025,True,8,"[""computing_context"", ""task_resource_context"", ""strong_computing_context"", ""network_context""]",,https://ieeexplore.ieee.org/abstract/document/11080254/,[],"[""https://ieeexplore.ieee.org/abstract/document/11080254/""]",,,"{""ieee_document_id"": [""11080254""]}","[""IEEE Xplore""]",1,1,2025-08-01T08:54:09,2025-08-01T08:54:09
gsa-0954f003f110,Electron beam welding of gas valve elements from Mo-Ti-Zr alloy,2025,False,0,[],missing clear distributed/edge/cloud computing context,http://jnas.nbuv.gov.ua/article/UJRN-0001580678,[],"[""http://jnas.nbuv.gov.ua/article/UJRN-0001580678""]",,,{},"[""jnas.nbuv.gov.ua""]",1,1,2025-08-01T08:54:09,2025-08-01T08:54:09
gsa-2b6ab1c7cbe2,Adaptive Computation Offloading Scheme Based on a Collaborative Architecture with Heterogeneous MEC Nodes: a DRL Approach,2025,True,8,"[""computing_context"", ""task_resource_context"", ""adaptive_learning_context"", ""strong_computing_context""]",,https://ieeexplore.ieee.org/abstract/document/11072330/,[],"[""https://ieeexplore.ieee.org/abstract/document/11072330/""]",,,"{""ieee_document_id"": [""11072330""]}","[""IEEE Xplore""]",1,1,2025-08-01T08:54:09,2025-08-01T08:54:09
gsa-e651a9c3f0e3,A Lyapunov-Guided Diffusion-Based Reinforcement Learning Approach for UAV-Assisted Vehicular Networks with Delayed CSI Feedback,2025,True,5,"[""computing_context"", ""adaptive_learning_context"", ""network_context""]",,https://arxiv.org/pdf/2507.20524,"[""https://arxiv.org/pdf/2507.20524""]",[],,2507.20524,"{""arxiv_id"": [""2507.20524""]}","[""arXiv""]",1,1,2025-08-01T08:54:09,2025-08-01T08:54:09
gsa-87ebf00eaed0,Multiple Reconfigurable Intelligent Surfaces Aided V2X Offloading Networks: A Federated Reinforcement Learning-Based Approach,2025,True,7,"[""computing_context"", ""task_resource_context"", ""adaptive_learning_context"", ""network_context""]",,https://ieeexplore.ieee.org/abstract/document/11096732/,[],"[""https://ieeexplore.ieee.org/abstract/document/11096732/""]",,,"{""ieee_document_id"": [""11096732""]}","[""IEEE Xplore""]",1,1,2025-07-30T22:53:05,2025-07-30T22:53:05
gsa-fdafa4133b21,Multi-Agent DRL-Based Coded Caching and Resource Allocation in UAV-Assisted Networks,2025,True,7,"[""computing_context"", ""task_resource_context"", ""adaptive_learning_context"", ""network_context""]",,https://ieeexplore.ieee.org/abstract/document/11083682/,[],"[""https://ieeexplore.ieee.org/abstract/document/11083682/""]",,,"{""ieee_document_id"": [""11083682""]}","[""IEEE Xplore""]",1,1,2025-07-30T22:53:05,2025-07-30T22:53:05
gsa-22198e4df386,Minimizing energy consumption of collaborative deployment and task offloading in two-tier UAV edge computing networks,2025,True,8,"[""computing_context"", ""task_resource_context"", ""strong_computing_context"", ""network_context""]",,https://www.sciencedirect.com/science/article/pii/S1383762125001833,[],"[""https://www.sciencedirect.com/science/article/pii/S1383762125001833""]",,,"{""sciencedirect_pii"": [""S1383762125001833""]}","[""ScienceDirect""]",1,1,2025-07-30T22:53:05,2025-07-30T22:53:05
gsa-d1555bf8cde3,Task Offloading and Resource Scheduling in Mobile Edge-Cloud Computing Based on Edge Competition and Task Prediction,2025,True,7,"[""computing_context"", ""task_resource_context"", ""strong_computing_context""]",,https://ieeexplore.ieee.org/abstract/document/11095833/,[],"[""https://ieeexplore.ieee.org/abstract/document/11095833/""]",,,"{""ieee_document_id"": [""11095833""]}","[""IEEE Xplore""]",1,1,2025-07-29T09:24:03,2025-07-29T09:24:03
gsa-e5477af35a76,Real-Time Object Detection and Classification using YOLO for Edge FPGAs,2025,False,1,"[""computing_context"", ""vision_detection_noise""]",computer-vision/object-detection topic without distributed-computing context,https://arxiv.org/pdf/2507.18174,"[""https://arxiv.org/pdf/2507.18174""]",[],,2507.18174,"{""arxiv_id"": [""2507.18174""]}","[""arXiv""]",1,1,2025-07-29T09:24:03,2025-07-29T09:24:03
gsa-dc60457e624d,Lightweight Federated Learning over Wireless Edge Networks,2025,True,7,"[""computing_context"", ""adaptive_learning_context"", ""strong_computing_context"", ""network_context""]",,https://arxiv.org/pdf/2507.09546,"[""https://arxiv.org/pdf/2507.09546""]",[],,2507.09546,"{""arxiv_id"": [""2507.09546""]}","[""arXiv""]",1,1,2025-07-29T09:24:03,2025-07-29T09:24:03
gsa-d762e756f43d,Dynamic Task Offloading and Resource Allocation for Air-Ground Integrated Networks Based on MADDPG,2025,True,3,"[""task_resource_context"", ""network_context""]",,https://journal.bit.edu.cn/jbit/en/article/pdf/preview/10.15918/j.jbit1004-0579.2024.124.pdf,"[""https://journal.bit.edu.cn/jbit/en/article/pdf/preview/10.15918/j.jbit1004-0579.2024.124.pdf""]",[],,,{},"[""journal.bit.edu.cn""]",1,1,2025-07-29T09:24:03,2025-07-29T09:24:03
gsa-56461cae745f,DRL-Based Resource Allocation in NOMA-Aided Industrial IoT Towards Energy Productivity Maximization,2025,True,6,"[""computing_context"", ""task_resource_context"", ""network_context""]",,https://ieeexplore.ieee.org/abstract/document/11060652/,[],"[""https://ieeexplore.ieee.org/abstract/document/11060652/""]",,,"{""ieee_document_id"": [""11060652""]}","[""IEEE Xplore""]",1,1,2025-07-29T09:24:03,2025-07-29T09:24:03
gsa-815a5f270899,S-YOLO: An enhanced small object detection method based on adaptive gating strategy and dynamic multi-scale focus module,2025,False,0,"[""adaptive_learning_context"", ""network_context"", ""vision_detection_noise""]",computer-vision/object-detection topic without distributed-computing context,https://www.sciencedirect.com/science/article/pii/S0893608025006628,[],"[""https://www.sciencedirect.com/science/article/pii/S0893608025006628""]",,,"{""sciencedirect_pii"": [""S0893608025006628""]}","[""ScienceDirect""]",1,1,2025-07-22T05:02:03,2025-07-22T05:02:03
gsa-92a2ed07fa4d,MFAE-YOLO: Multi-Feature Attention-Enhanced Network for Remote Sensing Images Object Detection,2025,False,2,"[""computing_context"", ""network_context"", ""vision_detection_noise""]",computer-vision/object-detection topic without distributed-computing context,https://ieeexplore.ieee.org/abstract/document/11052677/,[],"[""https://ieeexplore.ieee.org/abstract/document/11052677/""]",,,"{""ieee_document_id"": [""11052677""]}","[""IEEE Xplore""]",1,1,2025-07-22T05:02:03,2025-07-22T05:02:03
gsa-2e5c3ded7bfa,Joint trajectory and incentive optimization for privacy-preserving UAV crowdsensing via multi-agent federated reinforcement learning,2025,True,7,"[""computing_context"", ""task_resource_context"", ""adaptive_learning_context"", ""network_context""]",,https://www.sciencedirect.com/science/article/pii/S2542660525002033,[],"[""https://www.sciencedirect.com/science/article/pii/S2542660525002033""]",,,"{""sciencedirect_pii"": [""S2542660525002033""]}","[""ScienceDirect""]",2,2,2025-07-13T09:45:53,2025-07-22T05:02:03
gsa-6900cc42b1db,YOLO-UIR: A Lightweight and Accurate Infrared Object Detection Network Using UAV Platforms,2025,False,2,"[""computing_context"", ""network_context"", ""vision_detection_noise""]",computer-vision/object-detection topic without distributed-computing context,https://www.mdpi.com/2504-446X/9/7/479,[],"[""https://www.mdpi.com/2504-446X/9/7/479""]",,,"{""mdpi_path"": [""2504-446X/9/7/479""]}","[""MDPI""]",1,1,2025-07-13T09:45:53,2025-07-13T09:45:53
gsa-af2438e51584,MV-YOLO: An Efficient Small Object Detection Framework Based on Mamba,2025,False,-2,"[""vision_detection_noise""]",computer-vision/object-detection topic without distributed-computing context,https://ieeexplore.ieee.org/abstract/document/11062346/,[],"[""https://ieeexplore.ieee.org/abstract/document/11062346/""]",,,"{""ieee_document_id"": [""11062346""]}","[""IEEE Xplore""]",1,1,2025-07-13T09:45:53,2025-07-13T09:45:53
gsa-b81e139925f4,Let's Go Bananas: Beyond Bounding Box Representations for Fisheye Camera-Based Object Detection in Autonomous Driving,2025,False,-2,"[""vision_detection_noise""]",computer-vision/object-detection topic without distributed-computing context,https://pmc.ncbi.nlm.nih.gov/articles/PMC12196831/,[],"[""https://pmc.ncbi.nlm.nih.gov/articles/PMC12196831/""]",,,{},"[""PubMed Central""]",2,2,2025-07-02T04:04:30,2025-07-13T09:45:53
gsa-21d570bc0347,Energy management system for DC railway smart grid based on substation power forecast and energy storage system optimization,2025,False,2,"[""task_resource_context""]",missing clear distributed/edge/cloud computing context,https://www.sciencedirect.com/science/article/pii/S0378475425002605,[],"[""https://www.sciencedirect.com/science/article/pii/S0378475425002605""]",,,"{""sciencedirect_pii"": [""S0378475425002605""]}","[""ScienceDirect""]",1,1,2025-07-13T09:45:53,2025-07-13T09:45:53
gsa-eee5bc87866a,CGD-YOLO: an improved YOLOv11n-based object detection algorithm for UAV aerial imagery,2025,False,2,"[""computing_context"", ""network_context"", ""vision_detection_noise""]",computer-vision/object-detection topic without distributed-computing context,https://www.spiedigitallibrary.org/conference-proceedings-of-spie/13653/136530V/CGD-YOLO--an-improved-YOLOv11n-based-object-detection-algorithm/10.1117/12.3071185.short,[],"[""https://www.spiedigitallibrary.org/conference-proceedings-of-spie/13653/136530V/CGD-YOLO--an-improved-YOLOv11n-based-object-detection-algorithm/10.1117/12.3071185.short""]",,,{},"[""www.spiedigitallibrary.org""]",1,1,2025-07-13T09:45:53,2025-07-13T09:45:53
gsa-6072e29416c3,An Energy-Efficient and Privacy-Aware MEC-Enabled IoMT Health Monitoring System,2025,True,6,"[""computing_context"", ""strong_computing_context"", ""network_context""]",,https://ieeexplore.ieee.org/abstract/document/11045822/,[],"[""https://ieeexplore.ieee.org/abstract/document/11045822/""]",,,"{""ieee_document_id"": [""11045822""]}","[""IEEE Xplore""]",2,2,2025-06-27T12:03:57,2025-07-13T09:45:53
gsa-9ba4aee5254e,Latency Fairness for MEC-Enabled Cell-free massive MIMO: ICA-and AI-based Approaches,2025,True,8,"[""computing_context"", ""task_resource_context"", ""strong_computing_context"", ""network_context""]",,https://vbn.aau.dk/files/785419171/Accepted_Author_Manuscript.pdf,"[""https://vbn.aau.dk/files/785419171/Accepted_Author_Manuscript.pdf""]",[],,,{},"[""vbn.aau.dk""]",2,2,2025-06-30T17:39:46,2025-07-05T20:44:57
gsa-c8d0fd3c5020,LRDS-YOLO enhances small object detection in UAV aerial images with a lightweight and efficient design,2025,False,2,"[""computing_context"", ""network_context"", ""vision_detection_noise""]",computer-vision/object-detection topic without distributed-computing context,https://www.nature.com/articles/s41598-025-07021-6,[],"[""https://www.nature.com/articles/s41598-025-07021-6""]",10.1038/s41598-025-07021-6,,"{""doi"": [""10.1038/s41598-025-07021-6""]}","[""Nature""]",1,1,2025-07-05T20:44:57,2025-07-05T20:44:57
gsa-e4809386496c,Federated Reinforcement Learning Framework for Mobile Robot Navigation Using ROS and Gazebo,2025,True,5,"[""computing_context"", ""adaptive_learning_context"", ""network_context""]",,https://ieeexplore.ieee.org/abstract/document/11025184/,[],"[""https://ieeexplore.ieee.org/abstract/document/11025184/""]",,,"{""ieee_document_id"": [""11025184""]}","[""IEEE Xplore""]",1,1,2025-07-05T20:44:57,2025-07-05T20:44:57
gsa-7ce5c9b67803,Complex dark environment-oriented object detection method based on YOLO-AS,2025,False,-2,"[""vision_detection_noise""]",computer-vision/object-detection topic without distributed-computing context,https://www.nature.com/articles/s41598-025-07348-0,[],"[""https://www.nature.com/articles/s41598-025-07348-0""]",10.1038/s41598-025-07348-0,,"{""doi"": [""10.1038/s41598-025-07348-0""]}","[""Nature""]",1,1,2025-07-05T20:44:57,2025-07-05T20:44:57
gsa-a747d9e4eb73,EADRL: Efficiency-Aware Adaptive Deep Reinforcement Learning for Dynamic Task Scheduling in Edge-Cloud Environments,2025,True,8,"[""computing_context"", ""task_resource_context"", ""adaptive_learning_context"", ""strong_computing_context""]",,https://www.sciencedirect.com/science/article/pii/S2590123025019619,[],"[""https://www.sciencedirect.com/science/article/pii/S2590123025019619""]",,,"{""sciencedirect_pii"": [""S2590123025019619""]}","[""ScienceDirect""]",1,1,2025-07-02T04:04:30,2025-07-02T04:04:30
gsa-d5ea0df8081b,Distributed RL-based Resource Allocation and Task Offloading for Vehicular Edge of Things Computing,2025,True,8,"[""computing_context"", ""task_resource_context"", ""strong_computing_context"", ""network_context""]",,https://ieeexplore.ieee.org/abstract/document/11045983/,[],"[""https://ieeexplore.ieee.org/abstract/document/11045983/""]",,,"{""ieee_document_id"": [""11045983""]}","[""IEEE Xplore""]",1,1,2025-07-02T04:04:30,2025-07-02T04:04:30
gsa-e0adfe2c3702,"Supplementary Materials for ""MonoInstance: Enhancing Monocular Priors via Multi-view Instance Alignment for Neural Rendering and Reconstruction""",2025,False,0,[],missing clear distributed/edge/cloud computing context,https://openaccess.thecvf.com/content/CVPR2025/supplemental/Zhang_MonoInstance_Enhancing_Monocular_CVPR_2025_supplemental.pdf,"[""https://openaccess.thecvf.com/content/CVPR2025/supplemental/Zhang_MonoInstance_Enhancing_Monocular_CVPR_2025_supplemental.pdf""]",[],,,{},"[""CVF Open Access""]",2,2,2025-06-06T22:05:05,2025-06-30T17:39:46
gsa-fc2f287e524e,Edge-Optimized Lightweight YOLO for Real-Time SAR Object Detection,2025,False,1,"[""computing_context"", ""vision_detection_noise""]",computer-vision/object-detection topic without distributed-computing context,https://www.mdpi.com/2072-4292/17/13/2168,[],"[""https://www.mdpi.com/2072-4292/17/13/2168""]",,,"{""mdpi_path"": [""2072-4292/17/13/2168""]}","[""MDPI""]",1,1,2025-06-30T17:39:46,2025-06-30T17:39:46
gsa-6c8d2215ed82,Implicit 3D scene reconstruction using deep learning towards efficient collision understanding in autonomous driving,2025,False,-1,"[""adaptive_learning_context"", ""vision_detection_noise""]",computer-vision/object-detection topic without distributed-computing context,https://arxiv.org/pdf/2506.15806,"[""https://arxiv.org/pdf/2506.15806""]",[],,2506.15806,"{""arxiv_id"": [""2506.15806""]}","[""arXiv""]",1,1,2025-06-27T12:03:57,2025-06-27T12:03:57
gsa-daf7b6bc70d6,BSE-YOLO: An Enhanced Lightweight Multi-Scale Underwater Object Detection Model,2025,False,-2,"[""vision_detection_noise""]",computer-vision/object-detection topic without distributed-computing context,https://www.mdpi.com/1424-8220/25/13/3890,[],"[""https://www.mdpi.com/1424-8220/25/13/3890""]",,,"{""mdpi_path"": [""1424-8220/25/13/3890""]}","[""MDPI""]",1,1,2025-06-27T12:03:57,2025-06-27T12:03:57
gsa-ab852b000bd3,The Actor-Critic Update Order Matters for PPO in Federated Reinforcement Learning,2025,True,4,"[""computing_context"", ""adaptive_learning_context""]",,https://arxiv.org/pdf/2506.01261,"[""https://arxiv.org/pdf/2506.01261""]",[],,2506.01261,"{""arxiv_id"": [""2506.01261""]}","[""arXiv""]",1,1,2025-06-06T22:05:05,2025-06-06T22:05:05
gsa-9358911e65b8,Object detection in autonomous driving scenario using YOLOv8-SimAM: a robust test in different datasets,2025,False,-2,"[""vision_detection_noise""]",computer-vision/object-detection topic without distributed-computing context,https://www.tandfonline.com/doi/abs/10.1080/23249935.2025.2511818,[],"[""https://www.tandfonline.com/doi/abs/10.1080/23249935.2025.2511818""]",10.1080/23249935.2025.2511818,,"{""doi"": [""10.1080/23249935.2025.2511818""]}","[""www.tandfonline.com""]",1,1,2025-06-06T22:05:05,2025-06-06T22:05:05
gsa-645d8b99de45,MMTO: Multi-vehicle Multi-hop Task Offloading in MEC-enabled Vehicular Networks,2025,True,8,"[""computing_context"", ""task_resource_context"", ""strong_computing_context"", ""network_context""]",,https://www.computer.org/csdl/journal/tm/5555/01/11023033/27fzjkmp0I0,[],"[""https://www.computer.org/csdl/journal/tm/5555/01/11023033/27fzjkmp0I0""]",,,{},"[""IEEE Computer Society""]",1,1,2025-06-06T22:05:05,2025-06-06T22:05:05
gsa-8311c3f5de5b,Learning Partonomic 3D Reconstruction from Image Collections,2025,True,4,"[""computing_context"", ""adaptive_learning_context""]",,https://openaccess.thecvf.com/content/CVPR2025/papers/Ruan_Learning_Partonomic_3D_Reconstruction_from_Image_Collections_CVPR_2025_paper.pdf,"[""https://openaccess.thecvf.com/content/CVPR2025/papers/Ruan_Learning_Partonomic_3D_Reconstruction_from_Image_Collections_CVPR_2025_paper.pdf""]",[],,,{},"[""CVF Open Access""]",1,1,2025-06-06T22:05:05,2025-06-06T22:05:05
gsa-f5c25647d2df,A Priority-Based Joint UAV Deployment and Task Scheduling Method in C-RAN with Multi-layer MEC,2025,True,8,"[""computing_context"", ""task_resource_context"", ""strong_computing_context"", ""network_context""]",,https://ieeexplore.ieee.org/abstract/document/11020747/,[],"[""https://ieeexplore.ieee.org/abstract/document/11020747/""]",,,"{""ieee_document_id"": [""11020747""]}","[""IEEE Xplore""]",1,1,2025-06-06T22:05:05,2025-06-06T22:05:05
gsa-93e153a1098d,A Neural Rendering Coprocessor With Optimized Ray Representation and Marching,2025,False,0,[],missing clear distributed/edge/cloud computing context,https://www.computer.org/csdl/journal/si/5555/01/11021655/27fzl2fDkac,[],"[""https://www.computer.org/csdl/journal/si/5555/01/11021655/27fzl2fDkac""]",,,{},"[""IEEE Computer Society""]",1,1,2025-06-06T22:05:05,2025-06-06T22:05:05
gsa-a02668cfbc1a,Tensor-Based Efficient Federated Reinforcement Learning for Cyber-Physical-Social Intelligence,2025,True,4,"[""computing_context"", ""adaptive_learning_context""]",,https://ieeexplore.ieee.org/iel8/8254253/11002434/11002448.pdf,"[""https://ieeexplore.ieee.org/iel8/8254253/11002434/11002448.pdf""]",[],,,"{""ieee_document_id"": [""11002448""]}","[""IEEE Xplore""]",3,3,2025-05-23T19:06:39,2025-06-05T21:12:22
gsa-03a12dcdfdc2,YOLO-LSD: A Lightweight Object Detection Model for Small Targets at Long Distances to Secure Pedestrian Safety,2025,False,-2,"[""vision_detection_noise""]",computer-vision/object-detection topic without distributed-computing context,https://ieeexplore.ieee.org/iel8/6287639/6514899/10990045.pdf,"[""https://ieeexplore.ieee.org/iel8/6287639/6514899/10990045.pdf""]",[],,,"{""ieee_document_id"": [""10990045""]}","[""IEEE Xplore""]",1,1,2025-06-03T05:07:41,2025-06-03T05:07:41
gsa-e8628507281e,FE-YOLO: Fourier Enhancement YOLO for end-to-end object detection in low-light conditions,2025,False,-2,"[""vision_detection_noise""]",computer-vision/object-detection topic without distributed-computing context,https://www.sciencedirect.com/science/article/pii/S105120042500377X,[],"[""https://www.sciencedirect.com/science/article/pii/S105120042500377X""]",,,"{""sciencedirect_pii"": [""S105120042500377X""]}","[""ScienceDirect""]",2,2,2025-05-30T23:11:35,2025-06-03T05:07:41
gsa-084e2e47fea5,Ensuring SOTIF: Enhanced object detection techniques for autonomous driving,2025,False,-2,"[""vision_detection_noise""]",computer-vision/object-detection topic without distributed-computing context,https://www.sciencedirect.com/science/article/pii/S0001457525001800,[],"[""https://www.sciencedirect.com/science/article/pii/S0001457525001800""]",,,"{""sciencedirect_pii"": [""S0001457525001800""]}","[""ScienceDirect""]",1,1,2025-06-03T05:07:41,2025-06-03T05:07:41
gsa-572354f8d7e6,DAU-YOLO: A Lightweight and Effective Method for Small Object Detection in UAV Images,2025,False,2,"[""computing_context"", ""network_context"", ""vision_detection_noise""]",computer-vision/object-detection topic without distributed-computing context,https://www.mdpi.com/2072-4292/17/10/1768,[],"[""https://www.mdpi.com/2072-4292/17/10/1768"", ""https://search.proquest.com/openview/451b1209d2733082d5e3caab33224436/1?pq-origsite=gscholar&cbl=2032338""]",,,"{""mdpi_path"": [""2072-4292/17/10/1768""]}","[""MDPI"", ""ProQuest""]",2,2,2025-06-01T03:31:49,2025-06-03T05:07:41
gsa-a5ad1bdfeca3,RenderFormer: Transformer-based Neural Rendering of Triangle Meshes with Global Illumination,2025,False,0,[],missing clear distributed/edge/cloud computing context,https://arxiv.org/pdf/2505.21925,"[""https://arxiv.org/pdf/2505.21925""]",[],,2505.21925,"{""arxiv_id"": [""2505.21925""]}","[""arXiv""]",1,1,2025-06-01T03:31:49,2025-06-01T03:31:49
gsa-5154d10119e9,"Multi-Objective Dependent Task Scheduling, Resource Allocation, and Service Caching in Aerial-Ground Integrated MEC",2025,True,7,"[""computing_context"", ""task_resource_context"", ""strong_computing_context""]",,https://ieeexplore.ieee.org/abstract/document/11015727/,[],"[""https://ieeexplore.ieee.org/abstract/document/11015727/""]",,,"{""ieee_document_id"": [""11015727""]}","[""IEEE Xplore""]",1,1,2025-06-01T03:31:49,2025-06-01T03:31:49
gsa-9cd6faccae52,Minimizing Economic Costs and Task Processing Fails in MEC-Enabled Satellite-Ground Integrated Networks With MADDPG and Fuzzy Logic,2025,True,9,"[""computing_context"", ""task_resource_context"", ""adaptive_learning_context"", ""strong_computing_context"", ""network_context""]",,https://ieeexplore.ieee.org/abstract/document/11016097/,[],"[""https://ieeexplore.ieee.org/abstract/document/11016097/""]",,,"{""ieee_document_id"": [""11016097""]}","[""IEEE Xplore""]",1,1,2025-06-01T03:31:49,2025-06-01T03:31:49
gsa-497c38c7431b,Dynamic Task Scheduling Optimization by Rolling Horizon Deep Reinforcement Learning for Distributed Satellite System,2025,True,6,"[""computing_context"", ""task_resource_context"", ""adaptive_learning_context""]",,https://www.sciencedirect.com/science/article/pii/S0957417425019694,[],"[""https://www.sciencedirect.com/science/article/pii/S0957417425019694""]",,,"{""sciencedirect_pii"": [""S0957417425019694""]}","[""ScienceDirect""]",1,1,2025-06-01T03:31:49,2025-06-01T03:31:49
gsa-6a070e0e2d2c,BQProfit: Budget and QoS aware task offloading and resource allocation for Profit maximization under MEC platform,2025,True,7,"[""computing_context"", ""task_resource_context"", ""strong_computing_context""]",,https://www.sciencedirect.com/science/article/pii/S1383762125001195,[],"[""https://www.sciencedirect.com/science/article/pii/S1383762125001195""]",,,"{""sciencedirect_pii"": [""S1383762125001195""]}","[""ScienceDirect""]",1,1,2025-06-01T03:31:49,2025-06-01T03:31:49
gsa-ed3213ba9dfc,An Integral-Differential Probabilistic Fusion Framework of YOLO v8 and GPT-4o for High-Fidelity Tiny Object Recognition and Collision Threat Confidence in Autonomous Driving,2025,False,-2,"[""vision_detection_noise""]",computer-vision/object-detection topic without distributed-computing context,https://link.springer.com/article/10.1007/s11760-025-04243-z,[],"[""https://link.springer.com/article/10.1007/s11760-025-04243-z""]",10.1007/s11760-025-04243-z,,"{""doi"": [""10.1007/s11760-025-04243-z""]}","[""Springer""]",1,1,2025-06-01T03:31:49,2025-06-01T03:31:49
gsa-e9e5c72360ef,Towards Human-Centric Autonomous Driving: A Fast-Slow Architecture Integrating Large Language Model Guidance with Reinforcement Learning,2025,False,-1,"[""adaptive_learning_context"", ""vision_detection_noise""]",computer-vision/object-detection topic without distributed-computing context,https://arxiv.org/pdf/2505.06875,"[""https://arxiv.org/pdf/2505.06875""]",[],,2505.06875,"{""arxiv_id"": [""2505.06875""]}","[""arXiv""]",1,1,2025-05-30T23:11:35,2025-05-30T23:11:35
gsa-2abd78050376,Multi-RAT Network Slicing for Heterogeneous MEC-Enabled Internet of Things,2025,True,6,"[""computing_context"", ""strong_computing_context"", ""network_context""]",,https://ieeexplore.ieee.org/abstract/document/11010137/,[],"[""https://ieeexplore.ieee.org/abstract/document/11010137/""]",,,"{""ieee_document_id"": [""11010137""]}","[""IEEE Xplore""]",1,1,2025-05-30T23:11:35,2025-05-30T23:11:35
gsa-234c6f3362bd,Fully-Decentralized Multi-MNO Interoperability of MEC-Enabled Cooperative Autonomous Mobility,2025,True,5,"[""computing_context"", ""strong_computing_context""]",,https://ieeexplore.ieee.org/abstract/document/11002576/,[],"[""https://ieeexplore.ieee.org/abstract/document/11002576/""]",,,"{""ieee_document_id"": [""11002576""]}","[""IEEE Xplore""]",2,2,2025-05-26T05:01:12,2025-05-30T23:11:35
gsa-d3c2f3a695cc,CADEC: A Combinatorial Auction for Dynamic Distributed DNN Inference Scheduling in Edge-Cloud Networks,2025,True,8,"[""computing_context"", ""task_resource_context"", ""strong_computing_context"", ""network_context""]",,https://ieeexplore.ieee.org/abstract/document/10989500/,[],"[""https://ieeexplore.ieee.org/abstract/document/10989500/""]",,,"{""ieee_document_id"": [""10989500""]}","[""IEEE Xplore""]",1,1,2025-05-30T23:11:35,2025-05-30T23:11:35
gsa-b33026f33ee9,Trustworthy AI for 6G-IoV: A Privacy-Preserved Distributed Multiagent Federated DRL for Dynamic Electric Vehicle Charging and Task Offloading,2025,True,8,"[""computing_context"", ""task_resource_context"", ""strong_computing_context"", ""network_context""]",,https://ieeexplore.ieee.org/abstract/document/11009164/,[],"[""https://ieeexplore.ieee.org/abstract/document/11009164/""]",,,"{""ieee_document_id"": [""11009164""]}","[""IEEE Xplore""]",1,1,2025-05-27T06:11:46,2025-05-27T06:11:46
gsa-abce9a0f6aaa,"Fairness-Guaranteed Joint Access Control, 3-D UAV Trajectory Planning, and Task Scheduling in AGINs",2025,True,7,"[""computing_context"", ""task_resource_context"", ""adaptive_learning_context"", ""network_context""]",,https://ieeexplore.ieee.org/abstract/document/11002721/,[],"[""https://ieeexplore.ieee.org/abstract/document/11002721/""]",,,"{""ieee_document_id"": [""11002721""]}","[""IEEE Xplore""]",1,1,2025-05-27T06:11:46,2025-05-27T06:11:46
gsa-1b96a3132ce5,Distributed Multi-objective DRL for Edge Offloading in Time-varying and Heterogeneous AGI-MEC Environments,2025,True,8,"[""computing_context"", ""task_resource_context"", ""strong_computing_context"", ""network_context""]",,https://ieeexplore.ieee.org/abstract/document/11014560/,[],"[""https://ieeexplore.ieee.org/abstract/document/11014560/""]",,,"{""ieee_document_id"": [""11014560""]}","[""IEEE Xplore""]",1,1,2025-05-27T06:11:46,2025-05-27T06:11:46
gsa-c7c9f945c0a2,DFE-YOLO: A Multi-Scale-Enhanced Detection Network for Dense Object Detection in Traffic Monitoring,2025,False,2,"[""computing_context"", ""network_context"", ""vision_detection_noise""]",computer-vision/object-detection topic without distributed-computing context,https://www.mdpi.com/2079-9292/14/11/2108,[],"[""https://www.mdpi.com/2079-9292/14/11/2108""]",,,"{""mdpi_path"": [""2079-9292/14/11/2108""]}","[""MDPI""]",1,1,2025-05-27T06:11:46,2025-05-27T06:11:46
gsa-6509c7a6fd3c,YOLO-Air: An Efficient Deep Learning Network for Small Object Detection in Drone-Based Imagery,2025,False,3,"[""computing_context"", ""adaptive_learning_context"", ""network_context"", ""vision_detection_noise""]",computer-vision/object-detection topic without distributed-computing context,https://ieeexplore.ieee.org/iel8/6287639/6514899/10980347.pdf,"[""https://ieeexplore.ieee.org/iel8/6287639/6514899/10980347.pdf""]",[],,,"{""ieee_document_id"": [""10980347""]}","[""IEEE Xplore""]",1,1,2025-05-26T05:01:12,2025-05-26T05:01:12
gsa-924e9cdcdbeb,Peer-driven task scheduling and resource allocation for enhanced performance in industrial IoT systems,2025,True,6,"[""computing_context"", ""task_resource_context"", ""network_context""]",,https://www.nature.com/articles/s41598-025-98910-3,[],"[""https://www.nature.com/articles/s41598-025-98910-3""]",10.1038/s41598-025-98910-3,,"{""doi"": [""10.1038/s41598-025-98910-3""]}","[""Nature""]",1,1,2025-05-26T05:01:12,2025-05-26T05:01:12
gsa-baedcae76232,DR-YOLO: An improved multi-scale small object detection model for drone aerial photography scenes based on YOLOv7,2025,False,-2,"[""vision_detection_noise""]",computer-vision/object-detection topic without distributed-computing context,https://www.sciencedirect.com/science/article/pii/S1051200425002878,[],"[""https://www.sciencedirect.com/science/article/pii/S1051200425002878""]",,,"{""sciencedirect_pii"": [""S1051200425002878""]}","[""ScienceDirect""]",1,1,2025-05-26T05:01:12,2025-05-26T05:01:12
gsa-b11ecdc0d894,YOLO-DAFS: A Composite-Enhanced Underwater Object Detection Algorithm,2025,False,-2,"[""vision_detection_noise""]",computer-vision/object-detection topic without distributed-computing context,https://www.mdpi.com/2077-1312/13/5/947,[],"[""https://www.mdpi.com/2077-1312/13/5/947""]",,,"{""mdpi_path"": [""2077-1312/13/5/947""]}","[""MDPI""]",1,1,2025-05-25T01:25:16,2025-05-25T01:25:16
gsa-9a64237f7552,Spatiotemporal Non-Uniformity-Aware Online Task Scheduling in Collaborative Edge Computing for Industrial Internet of Things,2025,True,8,"[""computing_context"", ""task_resource_context"", ""strong_computing_context"", ""network_context""]",,https://arxiv.org/pdf/2505.02597,"[""https://arxiv.org/pdf/2505.02597""]",[],,2505.02597,"{""arxiv_id"": [""2505.02597""]}","[""arXiv""]",2,2,2025-05-19T03:48:40,2025-05-25T01:25:16
gsa-acbb3097ae61,"An Inversion-free Fuzzy Zeroing Neural Network Under Adaptive Input Range Fuzzy Scheme: Design, Analysis, and Application",2025,True,5,"[""computing_context"", ""adaptive_learning_context"", ""network_context""]",,https://www.computer.org/csdl/journal/ai/5555/01/11008758/26TEdIOGykg,[],"[""https://www.computer.org/csdl/journal/ai/5555/01/11008758/26TEdIOGykg""]",,,{},"[""IEEE Computer Society""]",1,1,2025-05-25T01:25:16,2025-05-25T01:25:16
gsa-e32e74633511,MEC Task Offloading in AIoT: A User-Centric DRL Model Splitting Inference Scheme,2025,True,7,"[""computing_context"", ""task_resource_context"", ""strong_computing_context""]",,https://arxiv.org/pdf/2504.16729,"[""https://arxiv.org/pdf/2504.16729""]",[],,2504.16729,"{""arxiv_id"": [""2504.16729""]}","[""arXiv""]",1,1,2025-05-23T19:06:39,2025-05-23T19:06:39
gsa-16280b330fa0,Joint Encryption and Optimization for 6G MEC-Enabled IoT Networks,2025,True,8,"[""computing_context"", ""task_resource_context"", ""strong_computing_context"", ""network_context""]",,https://ieeexplore.ieee.org/iel8/6287639/6514899/10979853.pdf,"[""https://ieeexplore.ieee.org/iel8/6287639/6514899/10979853.pdf""]",[],,,"{""ieee_document_id"": [""10979853""]}","[""IEEE Xplore""]",1,1,2025-05-23T19:06:39,2025-05-23T19:06:39
gsa-b44a2e87522c,Enhancing Dependability of Fog Computing Using Learning-based Task Scheduling,2025,True,8,"[""computing_context"", ""task_resource_context"", ""adaptive_learning_context"", ""strong_computing_context""]",,https://ieeexplore.ieee.org/abstract/document/11007012/,[],"[""https://ieeexplore.ieee.org/abstract/document/11007012/""]",,,"{""ieee_document_id"": [""11007012""]}","[""IEEE Xplore""]",1,1,2025-05-23T19:06:39,2025-05-23T19:06:39
gsa-a027c37e733a,A novel real-time matching and pose reconstruction method for low-overlap agricultural UAV images with repetitive textures,2025,False,4,"[""computing_context"", ""network_context""]",missing clear distributed/edge/cloud computing context,https://www.researchgate.net/profile/Xiongwu-Xiao/publication/391767487_A_novel_real-time_matching_and_pose_reconstruction_method_for_low-overlap_agricultural_UAV_images_with_repetitive_textures/links/6825e6e46b5a287c3041d7b0/A-novel-real-time-matching-and-pose-reconstruction-method-for-low-overlap-agricultural-UAV-images-with-repetitive-textures.pdf,"[""https://www.researchgate.net/profile/Xiongwu-Xiao/publication/391767487_A_novel_real-time_matching_and_pose_reconstruction_method_for_low-overlap_agricultural_UAV_images_with_repetitive_textures/links/6825e6e46b5a287c3041d7b0/A-novel-real-time-matching-and-pose-reconstruction-method-for-low-overlap-agricultural-UAV-images-with-repetitive-textures.pdf""]",[],,,{},"[""ResearchGate""]",1,1,2025-05-23T19:06:39,2025-05-23T19:06:39
gsa-a5ae9b1baeea,Unsupervised clustering optimization-based efficient attention in YOLO for underwater object detection,2025,False,0,"[""task_resource_context"", ""vision_detection_noise""]",computer-vision/object-detection topic without distributed-computing context,https://link.springer.com/article/10.1007/s10462-025-11218-6,[],"[""https://link.springer.com/article/10.1007/s10462-025-11218-6""]",10.1007/s10462-025-11218-6,,"{""doi"": [""10.1007/s10462-025-11218-6""]}","[""Springer""]",2,2,2025-05-11T19:13:45,2025-05-19T03:48:40
gsa-20b9b340cdd5,Pose Optimization for Autonomous Driving Datasets using Neural Rendering Models,2025,False,0,"[""task_resource_context"", ""vision_detection_noise""]",computer-vision/object-detection topic without distributed-computing context,https://arxiv.org/abs/2504.15776,[],"[""https://arxiv.org/abs/2504.15776""]",,2504.15776,"{""arxiv_id"": [""2504.15776""]}","[""arXiv""]",3,3,2025-04-29T14:02:22,2025-05-19T03:48:40
gsa-daf90f8b6ac5,Multi-Agent Reinforcement Learning-based Cooperative Autonomous Driving in Smart Intersections,2025,False,-1,"[""adaptive_learning_context"", ""vision_detection_noise""]",computer-vision/object-detection topic without distributed-computing context,https://arxiv.org/pdf/2505.04231,"[""https://arxiv.org/pdf/2505.04231""]",[],,2505.04231,"{""arxiv_id"": [""2505.04231""]}","[""arXiv""]",1,1,2025-05-19T03:48:40,2025-05-19T03:48:40
gsa-292a757e74a2,Joint Optimization of Task Offloading Content Caching and Resource Allocation in Vehicular Edge Computing,2025,True,8,"[""computing_context"", ""task_resource_context"", ""strong_computing_context"", ""network_context""]",,https://dl.acm.org/doi/pdf/10.1145/3732782,"[""https://dl.acm.org/doi/pdf/10.1145/3732782""]",[],10.1145/3732782,,"{""doi"": [""10.1145/3732782""]}","[""ACM Digital Library""]",2,2,2025-05-02T05:36:44,2025-05-19T03:48:40
gsa-6dd5d242fba6,ED-YOLO: an object detection algorithm for drone imagery focusing on edge information and small object features,2025,False,1,"[""computing_context"", ""vision_detection_noise""]",computer-vision/object-detection topic without distributed-computing context,https://link.springer.com/article/10.1007/s00530-025-01783-9,[],"[""https://link.springer.com/article/10.1007/s00530-025-01783-9""]",10.1007/s00530-025-01783-9,,"{""doi"": [""10.1007/s00530-025-01783-9""]}","[""Springer""]",1,1,2025-05-19T03:48:40,2025-05-19T03:48:40
gsa-7a8d6878fbfa,Modified grey wolf optimization for energy-efficient internet of things task scheduling in fog computing,2025,True,8,"[""computing_context"", ""task_resource_context"", ""strong_computing_context"", ""network_context""]",,https://www.nature.com/articles/s41598-025-99837-5,[],"[""https://www.nature.com/articles/s41598-025-99837-5""]",10.1038/s41598-025-99837-5,,"{""doi"": [""10.1038/s41598-025-99837-5""]}","[""Nature""]",1,1,2025-05-11T19:13:45,2025-05-11T19:13:45
gsa-7f760fe1c4cb,Energy-saving and security-enhanced task offloading strategies in D2D-integrated MEC networks,2025,True,8,"[""computing_context"", ""task_resource_context"", ""strong_computing_context"", ""network_context""]",,https://www.sciencedirect.com/science/article/pii/S1570870525001386,[],"[""https://www.sciencedirect.com/science/article/pii/S1570870525001386""]",,,"{""sciencedirect_pii"": [""S1570870525001386""]}","[""ScienceDirect""]",1,1,2025-05-11T19:13:45,2025-05-11T19:13:45
gsa-2169e7129a33,Joint Task Offloading and Channel Allocation in Spatial-Temporal Dynamic for MEC Networks,2025,True,8,"[""computing_context"", ""task_resource_context"", ""strong_computing_context"", ""network_context""]",,https://arxiv.org/pdf/2505.04272,"[""https://arxiv.org/pdf/2505.04272""]",[],,2505.04272,"{""arxiv_id"": [""2505.04272""]}","[""arXiv""]",1,1,2025-05-10T17:53:06,2025-05-10T17:53:06
gsa-590e8b270044,Self-supervised domain transfer for reinforcement learning-based autonomous driving agent,2025,False,-1,"[""adaptive_learning_context"", ""vision_detection_noise""]",computer-vision/object-detection topic without distributed-computing context,https://www.sciencedirect.com/science/article/pii/S0957417425014319,[],"[""https://www.sciencedirect.com/science/article/pii/S0957417425014319""]",,,"{""sciencedirect_pii"": [""S0957417425014319""]}","[""ScienceDirect""]",1,1,2025-05-05T08:39:05,2025-05-05T08:39:05
gsa-304cfb88d6ed,Chaotic grey wolf optimization based framework for efficient task scheduling in cloud fog computing,2025,True,7,"[""computing_context"", ""task_resource_context"", ""strong_computing_context""]",,https://www.beei.org/index.php/EEI/article/download/8098/4226,"[""https://www.beei.org/index.php/EEI/article/download/8098/4226""]",[],,,{},"[""www.beei.org""]",1,1,2025-05-05T08:39:05,2025-05-05T08:39:05
gsa-d1976da0c112,Revisiting Location Privacy in MEC-Enabled Computation Offloading,2025,True,7,"[""computing_context"", ""task_resource_context"", ""strong_computing_context""]",,https://ieeexplore.ieee.org/abstract/document/10962268/,[],"[""https://ieeexplore.ieee.org/abstract/document/10962268/""]",,,"{""ieee_document_id"": [""10962268""]}","[""IEEE Xplore""]",1,1,2025-05-04T10:59:54,2025-05-04T10:59:54
gsa-43dd3b442f5d,"Effectiveness of Teachable Machine, mobile net, and YOLO for object detection: A comparative study on practical applications",2025,False,-2,"[""vision_detection_noise""]",computer-vision/object-detection topic without distributed-computing context,https://www.sciencedirect.com/science/article/pii/S1110866525000738,[],"[""https://www.sciencedirect.com/science/article/pii/S1110866525000738""]",,,"{""sciencedirect_pii"": [""S1110866525000738""]}","[""ScienceDirect""]",2,2,2025-05-01T00:27:01,2025-05-04T10:59:54
gsa-3189acc4fa3a,Data-Driven DLT3 Federated Deep Reinforcement Learning for Secure and Efficient Autonomous Driving,2025,False,2,"[""computing_context"", ""adaptive_learning_context"", ""vision_detection_noise""]",computer-vision/object-detection topic without distributed-computing context,https://ieeexplore.ieee.org/abstract/document/10979876/,[],"[""https://ieeexplore.ieee.org/abstract/document/10979876/""]",,,"{""ieee_document_id"": [""10979876""]}","[""IEEE Xplore""]",1,1,2025-05-04T10:59:54,2025-05-04T10:59:54
gsa-43cddcbf7ed8,The ATLAS of Traffic Lights: A Reliable Perception Framework for Autonomous Driving,2025,False,-2,"[""vision_detection_noise""]",computer-vision/object-detection topic without distributed-computing context,https://arxiv.org/pdf/2504.19722,"[""https://arxiv.org/pdf/2504.19722""]",[],,2504.19722,"{""arxiv_id"": [""2504.19722""]}","[""arXiv""]",1,1,2025-05-02T05:36:44,2025-05-02T05:36:44
gsa-810dd89d49ed,Quality and Budget-Oriented Task Offloading for Vehicular Cooperative Perception Using Reinforcement Learning,2025,True,7,"[""computing_context"", ""task_resource_context"", ""adaptive_learning_context"", ""network_context""]",,https://ieeexplore.ieee.org/abstract/document/10963904/,[],"[""https://ieeexplore.ieee.org/abstract/document/10963904/""]",,,"{""ieee_document_id"": [""10963904""]}","[""IEEE Xplore""]",2,2,2025-04-17T07:10:07,2025-05-02T05:36:44
gsa-4b6c1560224a,Multi-agent Collaboration for Vehicular Task Offloading Using Federated Deep Reinforcement Learning,2025,True,7,"[""computing_context"", ""task_resource_context"", ""adaptive_learning_context"", ""network_context""]",,https://www.computer.org/csdl/journal/tm/5555/01/10949717/25KCY5dUVUs,[],"[""https://www.computer.org/csdl/journal/tm/5555/01/10949717/25KCY5dUVUs"", ""https://ieeexplore.ieee.org/abstract/document/10949717/""]",,,"{""ieee_document_id"": [""10949717""]}","[""IEEE Computer Society"", ""IEEE Xplore""]",2,2,2025-04-11T21:21:00,2025-05-02T05:36:44
gsa-cb72ea81fad1,Influences of multi-scale stress concentration on the low-cycle fatigue behaviors of electron beam welding joints of TC4-DT titanium alloy with the thickness of 130 mm,2025,False,0,[],missing clear distributed/edge/cloud computing context,https://www.sciencedirect.com/science/article/pii/S223878542501107X,[],"[""https://www.sciencedirect.com/science/article/pii/S223878542501107X""]",,,"{""sciencedirect_pii"": [""S223878542501107X""]}","[""ScienceDirect""]",1,1,2025-05-02T05:36:44,2025-05-02T05:36:44
gsa-eff11c0a2159,DAG Blockchain-Assisted Asynchronous Federated Mutual Learning for Autonomous Driving,2025,False,2,"[""computing_context"", ""adaptive_learning_context"", ""vision_detection_noise""]",computer-vision/object-detection topic without distributed-computing context,https://ieeexplore.ieee.org/abstract/document/10952384/,[],"[""https://ieeexplore.ieee.org/abstract/document/10952384/""]",,,"{""ieee_document_id"": [""10952384""]}","[""IEEE Xplore""]",1,1,2025-05-02T05:36:44,2025-05-02T05:36:44
gsa-59e552595c1e,Aams-yolo: a small object detection method for UAV capture scenes based on YOLOv7,2025,False,2,"[""computing_context"", ""network_context"", ""vision_detection_noise""]",computer-vision/object-detection topic without distributed-computing context,https://link.springer.com/article/10.1007/s10586-024-04972-9,[],"[""https://link.springer.com/article/10.1007/s10586-024-04972-9""]",10.1007/s10586-024-04972-9,,"{""doi"": [""10.1007/s10586-024-04972-9""]}","[""Springer""]",1,1,2025-05-02T05:36:44,2025-05-02T05:36:44
gsa-bcd9668dd46e,Deep Reinforcement Learning-Based Computation Computational Offloading for Space-Air-Ground Integrated Vehicle Networks,2025,True,7,"[""computing_context"", ""task_resource_context"", ""adaptive_learning_context"", ""network_context""]",,https://ieeexplore.ieee.org/abstract/document/10947633/,[],"[""https://ieeexplore.ieee.org/abstract/document/10947633/""]",,,"{""ieee_document_id"": [""10947633""]}","[""IEEE Xplore""]",2,2,2025-04-28T15:40:07,2025-05-01T00:27:01
gsa-b44c093513f1,A Neural Rendering system for fashion design process,2025,False,0,[],missing clear distributed/edge/cloud computing context,https://www.sciencedirect.com/science/article/pii/S0952197625007730,[],"[""https://www.sciencedirect.com/science/article/pii/S0952197625007730""]",,,"{""sciencedirect_pii"": [""S0952197625007730""]}","[""ScienceDirect""]",1,1,2025-05-01T00:27:01,2025-05-01T00:27:01
gsa-0f629ac79fbb,YOLO-MARS: An Enhanced YOLOv8n for Small Object Detection in UAV Aerial Imagery,2025,False,2,"[""computing_context"", ""network_context"", ""vision_detection_noise""]",computer-vision/object-detection topic without distributed-computing context,https://www.mdpi.com/1424-8220/25/8/2534,[],"[""https://www.mdpi.com/1424-8220/25/8/2534""]",,,"{""mdpi_path"": [""1424-8220/25/8/2534""]}","[""MDPI""]",1,1,2025-04-29T14:02:22,2025-04-29T14:02:22
gsa-ced827c8fa05,Task Offloading in Dynamic Energy Splitting STAR-RIS Assisted NOMA-MEC Systems With Decomposition Based Multi-Agent DRL,2025,True,9,"[""computing_context"", ""task_resource_context"", ""adaptive_learning_context"", ""strong_computing_context"", ""network_context""]",,https://ieeexplore.ieee.org/abstract/document/10960616/,[],"[""https://ieeexplore.ieee.org/abstract/document/10960616/""]",,,"{""ieee_document_id"": [""10960616""]}","[""IEEE Xplore""]",1,1,2025-04-29T14:02:22,2025-04-29T14:02:22
gsa-06f360aa7de6,RFAG-YOLO: A Receptive Field Attention-Guided YOLO Network for Small-Object Detection in UAV Images,2025,False,2,"[""computing_context"", ""network_context"", ""vision_detection_noise""]",computer-vision/object-detection topic without distributed-computing context,https://www.mdpi.com/1424-8220/25/7/2193,[],"[""https://www.mdpi.com/1424-8220/25/7/2193""]",,,"{""mdpi_path"": [""1424-8220/25/7/2193""]}","[""MDPI""]",1,1,2025-04-29T14:02:22,2025-04-29T14:02:22
gsa-da93803e509a,Preemption Aware Task Scheduling for Priority and Deadline Constrained DNN Inference Task Offloading in Homogeneous Mobile-Edge Networks,2025,True,8,"[""computing_context"", ""task_resource_context"", ""strong_computing_context"", ""network_context""]",,https://arxiv.org/pdf/2504.16792,"[""https://arxiv.org/pdf/2504.16792""]",[],,2504.16792,"{""arxiv_id"": [""2504.16792""]}","[""arXiv""]",1,1,2025-04-29T14:02:22,2025-04-29T14:02:22
gsa-e3542c6c85b5,Joint Power Allocation and Task Scheduling for Data Offloading in Non-Geostationary Orbit Satellite Networks,2025,True,6,"[""computing_context"", ""task_resource_context"", ""network_context""]",,https://ieeexplore.ieee.org/abstract/document/10966450/,[],"[""https://ieeexplore.ieee.org/abstract/document/10966450/""]",,,"{""ieee_document_id"": [""10966450""]}","[""IEEE Xplore""]",1,1,2025-04-29T14:02:22,2025-04-29T14:02:22
gsa-9844ed53c0c3,Federated Reinforcement Learning-Based Dynamic Resource Allocation and Task Scheduling in Edge for IoT Applications,2025,True,7,"[""computing_context"", ""task_resource_context"", ""adaptive_learning_context"", ""network_context""]",,https://pmc.ncbi.nlm.nih.gov/articles/PMC11991064/,[],"[""https://pmc.ncbi.nlm.nih.gov/articles/PMC11991064/""]",,,{},"[""PubMed Central""]",1,1,2025-04-29T14:02:22,2025-04-29T14:02:22
gsa-66b07b38eb83,FR-EAHTS: federated reinforcement learning for enhanced task scheduling with hierarchical load balancing and dynamic power adjustment in multi-core systems,2025,True,6,"[""computing_context"", ""task_resource_context"", ""adaptive_learning_context""]",,https://link.springer.com/article/10.1007/s11235-025-01276-0,[],"[""https://link.springer.com/article/10.1007/s11235-025-01276-0""]",10.1007/s11235-025-01276-0,,"{""doi"": [""10.1007/s11235-025-01276-0""]}","[""Springer""]",3,3,2025-04-11T21:21:00,2025-04-29T14:02:22
gsa-e250d3503635,DRL-Driven Dual-Stage Resource Optimization Strategy for Efficient Computational Offloading in MEC-Enabled Vehicular Networks,2025,True,8,"[""computing_context"", ""task_resource_context"", ""strong_computing_context"", ""network_context""]",,https://ieeexplore.ieee.org/abstract/document/10973154/,[],"[""https://ieeexplore.ieee.org/abstract/document/10973154/""]",,,"{""ieee_document_id"": [""10973154""]}","[""IEEE Xplore""]",1,1,2025-04-29T14:02:22,2025-04-29T14:02:22
gsa-53f1327c05a5,A Blockchain-enabled Cold Start Aggregation Scheme for Federated Reinforcement Learning-based Task Offloading in Zero Trust LEO Satellite Networks,2025,True,7,"[""computing_context"", ""task_resource_context"", ""adaptive_learning_context"", ""network_context""]",,https://ieeexplore.ieee.org/abstract/document/10963879/,[],"[""https://ieeexplore.ieee.org/abstract/document/10963879/""]",,,"{""ieee_document_id"": [""10963879""]}","[""IEEE Xplore""]",2,2,2025-04-17T07:10:07,2025-04-29T14:02:22
gsa-9bccfb70f041,Stackelberg Game-Based Multi-Agent Algorithm for Resource Allocation and Task Offloading in MEC-Enabled C-ITS,2025,True,8,"[""computing_context"", ""task_resource_context"", ""adaptive_learning_context"", ""strong_computing_context""]",,https://ieeexplore.ieee.org/abstract/document/10945872/,[],"[""https://ieeexplore.ieee.org/abstract/document/10945872/""]",,,"{""ieee_document_id"": [""10945872""]}","[""IEEE Xplore""]",1,1,2025-04-28T15:40:07,2025-04-28T15:40:07
gsa-06ddd460abab,Self-Attention Policy Optimization for Task Offloading and Resource Allocation in Low-Carbon Agricultural Consumer Electronic Devices,2025,False,2,"[""task_resource_context""]",missing clear distributed/edge/cloud computing context,https://ieeexplore.ieee.org/abstract/document/10975106/,[],"[""https://ieeexplore.ieee.org/abstract/document/10975106/""]",,,"{""ieee_document_id"": [""10975106""]}","[""IEEE Xplore""]",1,1,2025-04-28T15:40:07,2025-04-28T15:40:07
gsa-ce04f892e272,Priority-Aware Task Scheduling in Computing Power Network-enabled Edge Computing Systems,2025,True,8,"[""computing_context"", ""task_resource_context"", ""strong_computing_context"", ""network_context""]",,https://ieeexplore.ieee.org/abstract/document/10948378/,[],"[""https://ieeexplore.ieee.org/abstract/document/10948378/""]",,,"{""ieee_document_id"": [""10948378""]}","[""IEEE Xplore""]",1,1,2025-04-28T15:40:07,2025-04-28T15:40:07
gsa-1ba9c7043da4,Precision-Adaptive Task Offloading and Resource Allocation for Efficient Positioning and Sensing in Near-Field IoV Systems,2025,True,9,"[""computing_context"", ""task_resource_context"", ""adaptive_learning_context"", ""strong_computing_context"", ""network_context""]",,https://ieeexplore.ieee.org/abstract/document/10960313/,[],"[""https://ieeexplore.ieee.org/abstract/document/10960313/""]",,,"{""ieee_document_id"": [""10960313""]}","[""IEEE Xplore""]",2,2,2025-04-18T12:40:13,2025-04-28T15:40:07
gsa-e68013c3c676,Optimizing Resource Allocation and Task Offloading in Multi-UAV MEC Networks,2025,True,8,"[""computing_context"", ""task_resource_context"", ""strong_computing_context"", ""network_context""]",,https://ieeexplore.ieee.org/iel8/6287639/6514899/10967484.pdf,"[""https://ieeexplore.ieee.org/iel8/6287639/6514899/10967484.pdf""]",[],,,"{""ieee_document_id"": [""10967484""]}","[""IEEE Xplore""]",1,1,2025-04-28T15:40:07,2025-04-28T15:40:07
gsa-f7dd28537443,Joint Positioning and Computation Offloading in Multi-UAV MEC for Low Latency Applications: a Proximal Policy Optimization Approach,2025,True,8,"[""computing_context"", ""task_resource_context"", ""strong_computing_context"", ""network_context""]",,https://ieeexplore.ieee.org/abstract/document/10971880/,[],"[""https://ieeexplore.ieee.org/abstract/document/10971880/""]",,,"{""ieee_document_id"": [""10971880""]}","[""IEEE Xplore""]",1,1,2025-04-28T15:40:07,2025-04-28T15:40:07
gsa-b032441e221c,EcoTaskSched: a hybrid machine learning approach for energy-efficient task scheduling in IoT-based fog-cloud environments,2025,True,9,"[""computing_context"", ""task_resource_context"", ""adaptive_learning_context"", ""strong_computing_context"", ""network_context""]",,https://www.nature.com/articles/s41598-025-96974-9,[],"[""https://www.nature.com/articles/s41598-025-96974-9""]",10.1038/s41598-025-96974-9,,"{""doi"": [""10.1038/s41598-025-96974-9""]}","[""Nature""]",1,1,2025-04-28T15:40:07,2025-04-28T15:40:07
gsa-27cbaab30e3b,Computation Offloading and Resource Allocation in Mixed Cloud/Vehicular-fog Computing Systems,2025,True,8,"[""computing_context"", ""task_resource_context"", ""strong_computing_context"", ""network_context""]",,https://ieeexplore.ieee.org/abstract/document/10945654/,[],"[""https://ieeexplore.ieee.org/abstract/document/10945654/""]",,,"{""ieee_document_id"": [""10945654""]}","[""IEEE Xplore""]",2,2,2025-04-03T15:47:25,2025-04-28T15:40:07
gsa-ac2c4ed69a8c,A Region Division-Based Adaptive Task Offloading in Collaborative LEO Heterogeneous Constellation,2025,True,7,"[""computing_context"", ""task_resource_context"", ""adaptive_learning_context"", ""network_context""]",,https://ieeexplore.ieee.org/abstract/document/10963870/,[],"[""https://ieeexplore.ieee.org/abstract/document/10963870/""]",,,"{""ieee_document_id"": [""10963870""]}","[""IEEE Xplore""]",1,1,2025-04-28T15:40:07,2025-04-28T15:40:07
gsa-509189fcc6b6,Structure and properties of welding joints of 1370 aluminum alloy obtained by electron-beam welding,2025,False,0,[],missing clear distributed/edge/cloud computing context,https://link.springer.com/article/10.1007/s11182-025-03424-0,[],"[""https://link.springer.com/article/10.1007/s11182-025-03424-0""]",10.1007/s11182-025-03424-0,,"{""doi"": [""10.1007/s11182-025-03424-0""]}","[""Springer""]",2,2,2025-04-11T21:21:00,2025-04-26T04:12:14
gsa-4003425b974e,Star-YOLO: A lightweight and efficient model for weed detection in cotton fields using advanced YOLOv8 improvements,2025,False,-2,"[""vision_detection_noise""]",computer-vision/object-detection topic without distributed-computing context,https://www.sciencedirect.com/science/article/pii/S0168169925004120,[],"[""https://www.sciencedirect.com/science/article/pii/S0168169925004120""]",,,"{""sciencedirect_pii"": [""S0168169925004120""]}","[""ScienceDirect""]",1,1,2025-04-26T04:12:14,2025-04-26T04:12:14
gsa-2888fc7700fb,Reinforcement Learning-Driven Task Offloading and Resource Allocation in Wireless IoT Networks,2025,True,7,"[""computing_context"", ""task_resource_context"", ""adaptive_learning_context"", ""network_context""]",,https://ieeexplore.ieee.org/iel8/6287639/6514899/10971941.pdf,"[""https://ieeexplore.ieee.org/iel8/6287639/6514899/10971941.pdf""]",[],,,"{""ieee_document_id"": [""10971941""]}","[""IEEE Xplore""]",1,1,2025-04-26T04:12:14,2025-04-26T04:12:14
gsa-9a0809e51529,Novel Optimization Framework for Energy-Efficiency-based Resource Allocation and Multi-Hop Offloading in Blockchain-Enhanced IoT,2025,True,6,"[""computing_context"", ""task_resource_context"", ""network_context""]",,https://ieeexplore.ieee.org/abstract/document/10970038/,[],"[""https://ieeexplore.ieee.org/abstract/document/10970038/""]",,,"{""ieee_document_id"": [""10970038""]}","[""IEEE Xplore""]",1,1,2025-04-26T04:12:14,2025-04-26T04:12:14
gsa-f6b2446fdca1,Повышение эффективности перехода от открытых на подземные горные работы при освоении железорудных месторождений,2025,False,0,[],missing clear distributed/edge/cloud computing context,https://cyberleninka.ru/article/n/povyshenie-effektivnosti-perehoda-ot-otkrytyh-na-podzemnye-gornye-raboty-pri-osvoenii-zhelezorudnyh-mestorozhdeniy,[],"[""https://cyberleninka.ru/article/n/povyshenie-effektivnosti-perehoda-ot-otkrytyh-na-podzemnye-gornye-raboty-pri-osvoenii-zhelezorudnyh-mestorozhdeniy""]",,,{},"[""CyberLeninka""]",1,1,2025-04-20T21:11:43,2025-04-20T21:11:43
gsa-3004a926f52d,YOLO-SMUG: An Efficient and Lightweight Infrared Object Detection Model for Unmanned Aerial Vehicles,2025,False,-2,"[""vision_detection_noise""]",computer-vision/object-detection topic without distributed-computing context,https://www.mdpi.com/2504-446X/9/4/245,[],"[""https://www.mdpi.com/2504-446X/9/4/245""]",,,"{""mdpi_path"": [""2504-446X/9/4/245""]}","[""MDPI""]",1,1,2025-04-20T21:11:43,2025-04-20T21:11:43
gsa-5c27e9dbabda,RLRD-YOLO: An Improved YOLOv8 Algorithm for Small Object Detection from an Unmanned Aerial Vehicle (UAV) Perspective,2025,False,2,"[""computing_context"", ""network_context"", ""vision_detection_noise""]",computer-vision/object-detection topic without distributed-computing context,https://www.mdpi.com/2504-446X/9/4/293,[],"[""https://www.mdpi.com/2504-446X/9/4/293""]",,,"{""mdpi_path"": [""2504-446X/9/4/293""]}","[""MDPI""]",1,1,2025-04-20T21:11:43,2025-04-20T21:11:43
gsa-92ca809d8a20,Lightweight SL-YOLO algorithm for automotive fuel tank cover detection,2025,False,-2,"[""vision_detection_noise""]",computer-vision/object-detection topic without distributed-computing context,https://link.springer.com/article/10.1007/s11760-025-04022-w,[],"[""https://link.springer.com/article/10.1007/s11760-025-04022-w""]",10.1007/s11760-025-04022-w,,"{""doi"": [""10.1007/s11760-025-04022-w""]}","[""Springer""]",1,1,2025-04-20T21:11:43,2025-04-20T21:11:43
gsa-9ca8bea38fc2,Finite element simulation of natural gas pipelines in service welding repair,2025,False,0,[],missing clear distributed/edge/cloud computing context,https://www.degruyterbrill.com/document/doi/10.1515/mt-2025-0026/html,[],"[""https://www.degruyterbrill.com/document/doi/10.1515/mt-2025-0026/html""]",10.1515/mt-2025-0026,,"{""doi"": [""10.1515/mt-2025-0026""]}","[""www.degruyterbrill.com""]",1,1,2025-04-20T21:11:43,2025-04-20T21:11:43
gsa-b9caa4e7f060,Energy-Efficient and Latency-Aware Task Offloading for Industrial Cloud-Edge Systems With Heterogeneous CPUs and GPUs,2025,True,6,"[""computing_context"", ""task_resource_context"", ""network_context""]",,https://ieeexplore.ieee.org/abstract/document/10960708/,[],"[""https://ieeexplore.ieee.org/abstract/document/10960708/""]",,,"{""ieee_document_id"": [""10960708""]}","[""IEEE Xplore""]",1,1,2025-04-20T21:11:43,2025-04-20T21:11:43
gsa-a9afb82cbba6,Energy-Efficient Joint Computation Offloading and Resource Allocation Optimization in UAV/HAP-Assisted AIoT Networks,2025,True,6,"[""computing_context"", ""task_resource_context"", ""network_context""]",,https://ieeexplore.ieee.org/abstract/document/10937970/,[],"[""https://ieeexplore.ieee.org/abstract/document/10937970/""]",,,"{""ieee_document_id"": [""10937970""]}","[""IEEE Xplore""]",1,1,2025-04-20T21:11:43,2025-04-20T21:11:43
gsa-a5e270604e02,Cost and Makespan-Aware Task Scheduling With Deep Reinforcement Learning in Multicloud Environments,2025,True,8,"[""computing_context"", ""task_resource_context"", ""adaptive_learning_context"", ""strong_computing_context""]",,https://www.researchgate.net/profile/Jun-Jiang-73/publication/390598946_Cost_and_Makespan-Aware_Task_Scheduling_With_Deep_Reinforcement_Learning_in_Multicloud_Environments/links/67f5c7f249e91c0feaea14ff/Cost-and-Makespan-Aware-Task-Scheduling-With-Deep-Reinforcement-Learning-in-Multicloud-Environments.pdf,"[""https://www.researchgate.net/profile/Jun-Jiang-73/publication/390598946_Cost_and_Makespan-Aware_Task_Scheduling_With_Deep_Reinforcement_Learning_in_Multicloud_Environments/links/67f5c7f249e91c0feaea14ff/Cost-and-Makespan-Aware-Task-Scheduling-With-Deep-Reinforcement-Learning-in-Multicloud-Environments.pdf""]",[],,,{},"[""ResearchGate""]",1,1,2025-04-20T21:11:43,2025-04-20T21:11:43
gsa-3dda5497300b,Cooperative DNN Partitioning in Energy-Harvesting and MEC-Enabled UAV Networks,2025,True,6,"[""computing_context"", ""strong_computing_context"", ""network_context""]",,https://ieeexplore.ieee.org/abstract/document/10949590/,[],"[""https://ieeexplore.ieee.org/abstract/document/10949590/""]",,,"{""ieee_document_id"": [""10949590""]}","[""IEEE Xplore""]",1,1,2025-04-20T21:11:43,2025-04-20T21:11:43
gsa-e9900e3d5a40,Algorithmic Identification of Conflicting Traffic Lights: A Large-Scale Approach with a Network Conflict Matrix,2025,False,4,"[""computing_context"", ""network_context""]",missing clear distributed/edge/cloud computing context,https://www.mdpi.com/2079-8954/13/4/290,[],"[""https://www.mdpi.com/2079-8954/13/4/290""]",,,"{""mdpi_path"": [""2079-8954/13/4/290""]}","[""MDPI""]",1,1,2025-04-20T21:11:43,2025-04-20T21:11:43
gsa-c47f7edfaf9c,Fuzzy inference rule based task offloading model (FI-RBTOM) for edge computing,2025,True,8,"[""computing_context"", ""task_resource_context"", ""adaptive_learning_context"", ""strong_computing_context""]",,https://peerj.com/articles/cs-2657/,[],"[""https://peerj.com/articles/cs-2657/""]",,,{},"[""peerj.com""]",1,1,2025-04-19T21:56:03,2025-04-19T21:56:03
gsa-a252eff8e255,Fault-tolerant Mobile Service Offloading in Mobile Edge Computing,2025,True,7,"[""computing_context"", ""task_resource_context"", ""strong_computing_context""]",,https://ieeexplore.ieee.org/abstract/document/10955258/,[],"[""https://ieeexplore.ieee.org/abstract/document/10955258/""]",,,"{""ieee_document_id"": [""10955258""]}","[""IEEE Xplore""]",1,1,2025-04-19T21:56:03,2025-04-19T21:56:03
gsa-8cf9b00747e2,"Dual-Agent DRL-Based Service Placement, Task Scheduling, and Resource Allocation for Multi-Sensor and Multi-User Edge Computing Networks",2025,True,8,"[""computing_context"", ""task_resource_context"", ""strong_computing_context"", ""network_context""]",,https://ieeexplore.ieee.org/abstract/document/10964200/,[],"[""https://ieeexplore.ieee.org/abstract/document/10964200/""]",,,"{""ieee_document_id"": [""10964200""]}","[""IEEE Xplore""]",1,1,2025-04-19T21:56:03,2025-04-19T21:56:03
gsa-7f49a7afde67,Deep Reinforcement Learning and Nash Equilibrium Game based task offloading optimization strategy for the IoV,2025,True,9,"[""computing_context"", ""task_resource_context"", ""adaptive_learning_context"", ""strong_computing_context"", ""network_context""]",,https://ieeexplore.ieee.org/abstract/document/10964011/,[],"[""https://ieeexplore.ieee.org/abstract/document/10964011/""]",,,"{""ieee_document_id"": [""10964011""]}","[""IEEE Xplore""]",1,1,2025-04-19T21:56:03,2025-04-19T21:56:03
gsa-a10dd5b242b6,Исследование режима горных работ при открытой разработке двухпластовых мульдообразных угольных месторождений в Красноярском крае,2025,False,-3,"[""off_topic_energy_carbon""]",energy/carbon/hydrogen topic without distributed-computing context,https://cyberleninka.ru/article/n/issledovanie-rezhima-gornyh-rabot-pri-otkrytoy-razrabotke-dvuhplastovyh-muldoobraznyh-ugolnyh-mestorozhdeniy-v-krasnoyarskom-krae,[],"[""https://cyberleninka.ru/article/n/issledovanie-rezhima-gornyh-rabot-pri-otkrytoy-razrabotke-dvuhplastovyh-muldoobraznyh-ugolnyh-mestorozhdeniy-v-krasnoyarskom-krae""]",,,{},"[""CyberLeninka""]",1,1,2025-04-18T12:40:13,2025-04-18T12:40:13
gsa-fac931a6cde8,Dynamic Service Caching Aided Computation Offloading Optimization Algorithm for Mobile Edge Networks,2025,True,8,"[""computing_context"", ""task_resource_context"", ""strong_computing_context"", ""network_context""]",,https://ieeexplore.ieee.org/abstract/document/10945749/,[],"[""https://ieeexplore.ieee.org/abstract/document/10945749/""]",,,"{""ieee_document_id"": [""10945749""]}","[""IEEE Xplore""]",1,1,2025-04-18T12:40:13,2025-04-18T12:40:13
gsa-743a34d0f6f1,Personalized Federated Learning with State-Adaptive IoT Device Scheduling in Mobile Edge Computing,2025,True,9,"[""computing_context"", ""task_resource_context"", ""adaptive_learning_context"", ""strong_computing_context"", ""network_context""]",,https://ieeexplore.ieee.org/abstract/document/10963894/,[],"[""https://ieeexplore.ieee.org/abstract/document/10963894/""]",,,"{""ieee_document_id"": [""10963894""]}","[""IEEE Xplore""]",1,1,2025-04-17T07:10:07,2025-04-17T07:10:07
gsa-90f02a575d40,A Modified Jellyfish Search Algorithm for Task Scheduling in Fog-Cloud Systems,2025,True,7,"[""computing_context"", ""task_resource_context"", ""strong_computing_context""]",,https://onlinelibrary.wiley.com/doi/abs/10.1002/cpe.70054,[],"[""https://onlinelibrary.wiley.com/doi/abs/10.1002/cpe.70054""]",10.1002/cpe.70054,,"{""doi"": [""10.1002/cpe.70054""]}","[""Wiley""]",1,1,2025-04-17T07:10:07,2025-04-17T07:10:07
gsa-6082753c1ca3,Exploring Communication-efficient Federated Learning via Stateless In-network Aggregation,2025,True,5,"[""computing_context"", ""adaptive_learning_context"", ""network_context""]",,https://ieeexplore.ieee.org/abstract/document/10930669/,[],"[""https://ieeexplore.ieee.org/abstract/document/10930669/""]",,,"{""ieee_document_id"": [""10930669""]}","[""IEEE Xplore""]",2,2,2025-03-31T08:19:26,2025-04-16T06:07:17
gsa-08f2166c2ecc,Computation Offloading in Mobile Edge Computing-enabled Blockchain Based on Contract and Matching Theory,2025,True,8,"[""computing_context"", ""task_resource_context"", ""strong_computing_context"", ""network_context""]",,https://link.springer.com/article/10.1007/s11036-025-02444-x,[],"[""https://link.springer.com/article/10.1007/s11036-025-02444-x""]",10.1007/s11036-025-02444-x,,"{""doi"": [""10.1007/s11036-025-02444-x""]}","[""Springer""]",4,4,2025-03-28T00:26:37,2025-04-16T06:07:17
gsa-9807436c263d,An effective algorithm for predicting load and dynamic task scheduling in cloud fog architecture for smart homes,2025,True,7,"[""computing_context"", ""task_resource_context"", ""strong_computing_context""]",,https://www.inderscienceonline.com/doi/abs/10.1504/IJCC.2025.145657,[],"[""https://www.inderscienceonline.com/doi/abs/10.1504/IJCC.2025.145657""]",10.1504/IJCC.2025.145657,,"{""doi"": [""10.1504/IJCC.2025.145657""]}","[""www.inderscienceonline.com""]",1,1,2025-04-16T06:07:17,2025-04-16T06:07:17
gsa-4661301af0dd,OptimusNIC: Offloading Optimizer State to SmartNICs for Efficient Large-Scale AI Training,2025,True,5,"[""task_resource_context"", ""adaptive_learning_context"", ""strong_computing_context""]",,https://dl.acm.org/doi/pdf/10.1145/3721146.3721960,"[""https://dl.acm.org/doi/pdf/10.1145/3721146.3721960""]",[],10.1145/3721146.3721960,,"{""doi"": [""10.1145/3721146.3721960""]}","[""ACM Digital Library""]",1,1,2025-04-14T00:07:25,2025-04-14T00:07:25
gsa-28774e74fa75,A self-adaptive differential evolution algorithm for task scheduling in cloud computing,2025,True,8,"[""computing_context"", ""task_resource_context"", ""adaptive_learning_context"", ""strong_computing_context""]",,http://dl.openaccess.ir/o/aisoft1/aisoft1-02070142_2_231007014152.pdf,"[""http://dl.openaccess.ir/o/aisoft1/aisoft1-02070142_2_231007014152.pdf""]",[],,,{},"[""dl.openaccess.ir""]",1,1,2025-04-14T00:07:25,2025-04-14T00:07:25
gsa-cc97081dec51,Joint Task Coding and Transfer Optimization for Edge Computing Power Networks,2025,True,8,"[""computing_context"", ""task_resource_context"", ""strong_computing_context"", ""network_context""]",,https://ieeexplore.ieee.org/abstract/document/10938294/,[],"[""https://ieeexplore.ieee.org/abstract/document/10938294/""]",,,"{""ieee_document_id"": [""10938294""]}","[""IEEE Xplore""]",1,1,2025-04-11T21:21:00,2025-04-11T21:21:00
gsa-3a8e338ca95a,"From Sensors to Data Intelligence: Leveraging IoT, Cloud, and Edge Computing with AI",2025,True,6,"[""computing_context"", ""strong_computing_context"", ""network_context""]",,https://www.mdpi.com/1424-8220/25/6/1763,[],"[""https://www.mdpi.com/1424-8220/25/6/1763""]",,,"{""mdpi_path"": [""1424-8220/25/6/1763""]}","[""MDPI""]",1,1,2025-04-11T21:21:00,2025-04-11T21:21:00
gsa-3e0c5ea5b4b6,Dynamic OBL-driven Whale Optimization Algorithm for independent tasks offloading in fog computing,2025,True,7,"[""computing_context"", ""task_resource_context"", ""strong_computing_context""]",,https://www.sciencedirect.com/science/article/pii/S2667295225000212,[],"[""https://www.sciencedirect.com/science/article/pii/S2667295225000212""]",,,"{""sciencedirect_pii"": [""S2667295225000212""]}","[""ScienceDirect""]",3,3,2025-04-03T15:47:25,2025-04-11T21:21:00
gsa-ae2e3bd4d0aa,DEGREE OF IMBALANCE FOR TASK SCHEDULING IN CLOUD COMPUTING,2025,True,7,"[""computing_context"", ""task_resource_context"", ""strong_computing_context""]",,http://jatit.org/volumes/Vol103No6/16Vol103No6.pdf,"[""http://jatit.org/volumes/Vol103No6/16Vol103No6.pdf""]",[],,,{},"[""jatit.org""]",2,2,2025-04-04T17:05:44,2025-04-11T21:21:00
gsa-1312de7fe79c,An Incentive Framework for Task Offloading in Edge Computing Marketplaces under Price Competition,2025,True,7,"[""computing_context"", ""task_resource_context"", ""strong_computing_context""]",,https://ieeexplore.ieee.org/abstract/document/10946215/,[],"[""https://ieeexplore.ieee.org/abstract/document/10946215/""]",,,"{""ieee_document_id"": [""10946215""]}","[""IEEE Xplore""]",1,1,2025-04-11T21:21:00,2025-04-11T21:21:00
gsa-417c43fc8d01,Sequence-Aware Online Container Scheduling with Reinforcement Learning in Parked Vehicle Edge Computing,2025,True,9,"[""computing_context"", ""task_resource_context"", ""adaptive_learning_context"", ""strong_computing_context"", ""network_context""]",,https://ieeexplore.ieee.org/abstract/document/10938380/,[],"[""https://ieeexplore.ieee.org/abstract/document/10938380/""]",,,"{""ieee_document_id"": [""10938380""]}","[""IEEE Xplore""]",1,1,2025-04-10T22:21:00,2025-04-10T22:21:00
gsa-1c9339c19ba2,Parking Vehicle-Assisted Task Offloading in Edge Computing: A dynamic multi-objective evolutionary algorithm with multi-strategy fusion response,2025,True,8,"[""computing_context"", ""task_resource_context"", ""adaptive_learning_context"", ""strong_computing_context""]",,https://www.sciencedirect.com/science/article/pii/S2210650225000586,[],"[""https://www.sciencedirect.com/science/article/pii/S2210650225000586""]",,,"{""sciencedirect_pii"": [""S2210650225000586""]}","[""ScienceDirect""]",2,2,2025-03-17T11:32:05,2025-04-10T22:21:00
gsa-90eb302453d0,FedLFP: Communication-Efficient Personalized Federated Learning on Non-IID Data in Mobile Edge Computing Environments,2025,True,6,"[""computing_context"", ""adaptive_learning_context"", ""strong_computing_context""]",,https://www.computer.org/csdl/journal/tm/5555/01/10950126/25ICwfeYnHq,[],"[""https://www.computer.org/csdl/journal/tm/5555/01/10950126/25ICwfeYnHq""]",,,{},"[""IEEE Computer Society""]",1,1,2025-04-10T22:21:00,2025-04-10T22:21:00
gsa-28628d592b57,Efficient Resource Allocation in Digital Twin-Assisted Mobile Edge Computing Network,2025,True,8,"[""computing_context"", ""task_resource_context"", ""strong_computing_context"", ""network_context""]",,https://onlinelibrary.wiley.com/doi/abs/10.1002/ett.70108,[],"[""https://onlinelibrary.wiley.com/doi/abs/10.1002/ett.70108""]",10.1002/ett.70108,,"{""doi"": [""10.1002/ett.70108""]}","[""Wiley""]",1,1,2025-04-10T22:21:00,2025-04-10T22:21:00
gsa-ecbcfc381e90,Blockchain-Based UAV-Assisted Mobile Edge Computing for Dual Game Resource Allocation,2025,True,8,"[""computing_context"", ""task_resource_context"", ""strong_computing_context"", ""network_context""]",,https://www.mdpi.com/2076-3417/15/7/4048,[],"[""https://www.mdpi.com/2076-3417/15/7/4048""]",,,"{""mdpi_path"": [""2076-3417/15/7/4048""]}","[""MDPI""]",1,1,2025-04-10T22:21:00,2025-04-10T22:21:00
gsa-7c33cd6a9caf,Adaptive multilayer architectures for intelligent edge computing leveraging federated learning and energy-efficient neural optimization in distributed electrical systems,2025,True,8,"[""computing_context"", ""task_resource_context"", ""adaptive_learning_context"", ""strong_computing_context""]",,https://www.researchgate.net/profile/Researcher-Vii/publication/390481990_ADAPTIVE_MULTILAYER_ARCHITECTURES_FOR_INTELLIGENT_EDGE_COMPUTING_LEVERAGING_FEDERATED_LEARNING_AND_ENERGY-EFFICIENT_NEURAL_OPTIMIZATION_IN_DISTRIBUTED_ELECTRICAL_SYSTEMS/links/67ef9c2049e91c0feadc134f/ADAPTIVE-MULTILAYER-ARCHITECTURES-FOR-INTELLIGENT-EDGE-COMPUTING-LEVERAGING-FEDERATED-LEARNING-AND-ENERGY-EFFICIENT-NEURAL-OPTIMIZATION-IN-DISTRIBUTED-ELECTRICAL-SYSTEMS.pdf,"[""https://www.researchgate.net/profile/Researcher-Vii/publication/390481990_ADAPTIVE_MULTILAYER_ARCHITECTURES_FOR_INTELLIGENT_EDGE_COMPUTING_LEVERAGING_FEDERATED_LEARNING_AND_ENERGY-EFFICIENT_NEURAL_OPTIMIZATION_IN_DISTRIBUTED_ELECTRICAL_SYSTEMS/links/67ef9c2049e91c0feadc134f/ADAPTIVE-MULTILAYER-ARCHITECTURES-FOR-INTELLIGENT-EDGE-COMPUTING-LEVERAGING-FEDERATED-LEARNING-AND-ENERGY-EFFICIENT-NEURAL-OPTIMIZATION-IN-DISTRIBUTED-ELECTRICAL-SYSTEMS.pdf""]",[],,,{},"[""ResearchGate""]",1,1,2025-04-10T22:21:00,2025-04-10T22:21:00
gsa-834d6ae02035,Sustainable AI with Quantum-Inspired Optimization: Enabling End-to-End Automation in Cloud-Edge Computing,2025,True,7,"[""computing_context"", ""task_resource_context"", ""strong_computing_context""]",,https://ieeexplore.ieee.org/iel8/6287639/6514899/10937702.pdf,"[""https://ieeexplore.ieee.org/iel8/6287639/6514899/10937702.pdf""]",[],,,"{""ieee_document_id"": [""10937702""]}","[""IEEE Xplore""]",1,1,2025-04-08T19:17:32,2025-04-08T19:17:32
gsa-19b96198b502,Geometric Knowledge-Guided Localized Global Distribution Alignment for Federated Learning,2025,True,4,"[""computing_context"", ""adaptive_learning_context""]",,https://arxiv.org/pdf/2503.06457,"[""https://arxiv.org/pdf/2503.06457""]",[],,2503.06457,"{""arxiv_id"": [""2503.06457""]}","[""arXiv""]",1,1,2025-04-08T19:17:32,2025-04-08T19:17:32
gsa-49f2a1e53b89,Efficient and Sustainable Task Offloading in UAV-Assisted MEC Systems via Meta Deep Reinforcement Learning,2025,True,9,"[""computing_context"", ""task_resource_context"", ""adaptive_learning_context"", ""strong_computing_context"", ""network_context""]",,https://arxiv.org/pdf/2504.00453,"[""https://arxiv.org/pdf/2504.00453""]",[],,2504.00453,"{""arxiv_id"": [""2504.00453""]}","[""arXiv""]",1,1,2025-04-08T19:17:32,2025-04-08T19:17:32
gsa-ba8d53318e37,"Rotatable RIS-Assisted Edge Computing: Orientation, Task Offloading, and Resource Optimization",2025,True,8,"[""computing_context"", ""task_resource_context"", ""strong_computing_context"", ""network_context""]",,https://arxiv.org/pdf/2503.16879,"[""https://arxiv.org/pdf/2503.16879""]",[],,2503.16879,"{""arxiv_id"": [""2503.16879""]}","[""arXiv""]",2,2,2025-03-28T00:26:37,2025-04-07T13:11:02
gsa-0a130d4d8fbd,Intelligent Offloading Balance for Vehicular Edge Computing and Networks,2025,True,8,"[""computing_context"", ""task_resource_context"", ""strong_computing_context"", ""network_context""]",,https://ieeexplore.ieee.org/abstract/document/10934978/,[],"[""https://ieeexplore.ieee.org/abstract/document/10934978/""]",,,"{""ieee_document_id"": [""10934978""]}","[""IEEE Xplore""]",1,1,2025-04-07T13:11:02,2025-04-07T13:11:02
gsa-e5e26a1a3f9e,MCFSGO: an energy-efficient multi-adaptive firebug swarm genetic optimisation algorithm for dynamic resource scheduling in cloud environments,2025,True,6,"[""computing_context"", ""task_resource_context"", ""adaptive_learning_context""]",,https://www.inderscienceonline.com/doi/abs/10.1504/IJBIC.2025.145532,[],"[""https://www.inderscienceonline.com/doi/abs/10.1504/IJBIC.2025.145532""]",10.1504/IJBIC.2025.145532,,"{""doi"": [""10.1504/IJBIC.2025.145532""]}","[""www.inderscienceonline.com""]",1,1,2025-04-06T14:16:30,2025-04-06T14:16:30
gsa-0fbba546c6bd,MASA: Multimodal Federated Learning through Modality-Aware and Secure Aggregation,2025,True,4,"[""computing_context"", ""adaptive_learning_context""]",,https://ieeexplore.ieee.org/abstract/document/10916948/,[],"[""https://ieeexplore.ieee.org/abstract/document/10916948/""]",,,"{""ieee_document_id"": [""10916948""]}","[""IEEE Xplore""]",2,2,2025-04-03T15:47:25,2025-04-06T14:16:30
gsa-51dfe9e07353,Two-Stage Synthetic Supervising and Multi-view Consistency,2025,False,0,[],missing clear distributed/edge/cloud computing context,https://www.google.com/books?hl=en&lr=lang_en&id=FQxMEQAAQBAJ&oi=fnd&pg=PA324,[],"[""https://www.google.com/books?hl=en&lr=lang_en&id=FQxMEQAAQBAJ&oi=fnd&pg=PA324""]",,,"{""google_books_id"": [""FQxMEQAAQBAJ""], ""google_books_page"": [""PA324""]}","[""Google Books""]",2,2,2025-03-07T20:59:06,2025-04-04T17:05:44
gsa-536c412fa48d,Multi-Agent Reinforcement Learning for Graph Discovery in D2D-Enabled Federated Learning,2025,True,4,"[""computing_context"", ""adaptive_learning_context""]",,https://arxiv.org/pdf/2503.23218,"[""https://arxiv.org/pdf/2503.23218""]",[],,2503.23218,"{""arxiv_id"": [""2503.23218""]}","[""arXiv""]",1,1,2025-04-04T17:05:44,2025-04-04T17:05:44
gsa-bdd8928f1fbb,Energy Efficiency Optimization of Active Flying-RIS Assisted Mobile Edge Computing Networks: A Deep Reinforcement Learning Approach,2025,True,9,"[""computing_context"", ""task_resource_context"", ""adaptive_learning_context"", ""strong_computing_context"", ""network_context""]",,https://ieeexplore.ieee.org/abstract/document/10945770/,[],"[""https://ieeexplore.ieee.org/abstract/document/10945770/""]",,,"{""ieee_document_id"": [""10945770""]}","[""IEEE Xplore""]",1,1,2025-04-04T17:05:44,2025-04-04T17:05:44
gsa-c9f494c12068,Multi-Agent Computing-Energy-Efficiency Optimization in Vehicular Edge Computing: Non-Cooperative Versus Cooperative Solutions,2025,True,9,"[""computing_context"", ""task_resource_context"", ""adaptive_learning_context"", ""strong_computing_context"", ""network_context""]",,https://ieeexplore.ieee.org/abstract/document/10923641/,[],"[""https://ieeexplore.ieee.org/abstract/document/10923641/""]",,,"{""ieee_document_id"": [""10923641""]}","[""IEEE Xplore""]",1,1,2025-04-03T15:47:25,2025-04-03T15:47:25
gsa-90f4662f61fc,"Mobility-Aware Multi-Task Decentralized Federated Learning for Vehicular Networks: Modeling, Analysis, and Optimization",2025,True,7,"[""computing_context"", ""task_resource_context"", ""adaptive_learning_context"", ""network_context""]",,https://arxiv.org/pdf/2503.06468,"[""https://arxiv.org/pdf/2503.06468""]",[],,2503.06468,"{""arxiv_id"": [""2503.06468""]}","[""arXiv""]",1,1,2025-04-03T15:47:25,2025-04-03T15:47:25
gsa-03b00379290c,Real-time workflow scheduling in hybrid clouds with privacy and security constraints: A deep reinforcement learning approach,2025,True,8,"[""computing_context"", ""task_resource_context"", ""adaptive_learning_context"", ""strong_computing_context""]",,https://www.sciencedirect.com/science/article/pii/S0957417425009984,[],"[""https://www.sciencedirect.com/science/article/pii/S0957417425009984""]",,,"{""sciencedirect_pii"": [""S0957417425009984""]}","[""ScienceDirect""]",1,1,2025-04-01T11:06:44,2025-04-01T11:06:44
gsa-5631a6e23783,Mobility-aware decentralized federated learning with joint optimization of local iteration and leader selection for vehicular networks,2025,True,7,"[""computing_context"", ""task_resource_context"", ""adaptive_learning_context"", ""network_context""]",,https://arxiv.org/pdf/2503.06443,"[""https://arxiv.org/pdf/2503.06443""]",[],,2503.06443,"{""arxiv_id"": [""2503.06443""]}","[""arXiv""]",1,1,2025-04-01T11:06:44,2025-04-01T11:06:44
gsa-d8d9a6c9585c,UAV-Enabled Relaying and Edge Computing: Hybrid Network Optimization,2025,True,8,"[""computing_context"", ""task_resource_context"", ""strong_computing_context"", ""network_context""]",,https://ieeexplore.ieee.org/abstract/document/10938344/,[],"[""https://ieeexplore.ieee.org/abstract/document/10938344/""]",,,"{""ieee_document_id"": [""10938344""]}","[""IEEE Xplore""]",1,1,2025-03-31T08:19:26,2025-03-31T08:19:26
gsa-26163daf5cbd,Task Offloading Based on the Fusion of Model-and Data-Driven Intelligence for Vehicular Edge Computing Networks,2025,True,8,"[""computing_context"", ""task_resource_context"", ""strong_computing_context"", ""network_context""]",,https://ieeexplore.ieee.org/abstract/document/10919180/,[],"[""https://ieeexplore.ieee.org/abstract/document/10919180/""]",,,"{""ieee_document_id"": [""10919180""]}","[""IEEE Xplore""]",1,1,2025-03-31T08:19:26,2025-03-31T08:19:26
gsa-2e3858247ef1,Smart offloading for IoT application: Building a fog-cloud based context aware offloading framework and exploring potential for integration with blockchain,2025,True,8,"[""computing_context"", ""task_resource_context"", ""strong_computing_context"", ""network_context""]",,https://www.sciencedirect.com/science/article/pii/S0045790625002356,[],"[""https://www.sciencedirect.com/science/article/pii/S0045790625002356""]",,,"{""sciencedirect_pii"": [""S0045790625002356""]}","[""ScienceDirect""]",1,1,2025-03-31T08:19:26,2025-03-31T08:19:26
gsa-fea5ccc635cd,Joint Task Offloading and Resource Scheduling in Low Earth Orbit Satellite Edge Computing Networks,2025,True,8,"[""computing_context"", ""task_resource_context"", ""strong_computing_context"", ""network_context""]",,https://www.mdpi.com/2079-9292/14/5/1016,[],"[""https://www.mdpi.com/2079-9292/14/5/1016""]",,,"{""mdpi_path"": [""2079-9292/14/5/1016""]}","[""MDPI""]",2,2,2025-03-07T20:59:06,2025-03-31T08:19:26
gsa-4ed53ac4134a,Intelligent and Efficient Metaverse Rendering and Caching in UAV-Aided Vehicular Edge Computing,2025,True,8,"[""computing_context"", ""task_resource_context"", ""strong_computing_context"", ""network_context""]",,https://www.sciencedirect.com/science/article/pii/S2214209625000312,[],"[""https://www.sciencedirect.com/science/article/pii/S2214209625000312""]",,,"{""sciencedirect_pii"": [""S2214209625000312""]}","[""ScienceDirect""]",1,1,2025-03-31T08:19:26,2025-03-31T08:19:26
gsa-8a9153c2c617,Enhancing IoT Performance in Wireless and Mobile Networks through Named Data Networking (NDN) and Edge Computing Integration,2025,True,6,"[""computing_context"", ""strong_computing_context"", ""network_context""]",,https://www.sciencedirect.com/science/article/pii/S138912862500235X,[],"[""https://www.sciencedirect.com/science/article/pii/S138912862500235X""]",,,"{""sciencedirect_pii"": [""S138912862500235X""]}","[""ScienceDirect""]",1,1,2025-03-31T08:19:26,2025-03-31T08:19:26
gsa-09261df905cf,Dynamic task offloading for IoT-Fog-Cloud systems: a network traffic-aware decision tree approach,2025,True,8,"[""computing_context"", ""task_resource_context"", ""strong_computing_context"", ""network_context""]",,https://link.springer.com/article/10.1007/s00607-025-01449-4,[],"[""https://link.springer.com/article/10.1007/s00607-025-01449-4""]",10.1007/s00607-025-01449-4,,"{""doi"": [""10.1007/s00607-025-01449-4""]}","[""Springer""]",3,3,2025-03-19T00:27:18,2025-03-31T08:19:26
gsa-b3347f9afaa0,Delay-cost computation offloading for on-board emergency tasks in LEO satellite edge computing networks,2025,True,8,"[""computing_context"", ""task_resource_context"", ""strong_computing_context"", ""network_context""]",,https://www.sciencedirect.com/science/article/pii/S0167739X25000925,[],"[""https://www.sciencedirect.com/science/article/pii/S0167739X25000925""]",,,"{""sciencedirect_pii"": [""S0167739X25000925""]}","[""ScienceDirect""]",1,1,2025-03-31T08:19:26,2025-03-31T08:19:26
gsa-de23bd63c016,DRL-based Task Scheduling Scheme in Vehicular Fog Computing: Cooperative and mobility aware approach,2025,True,8,"[""computing_context"", ""task_resource_context"", ""strong_computing_context"", ""network_context""]",,https://www.sciencedirect.com/science/article/pii/S1570870525000678,[],"[""https://www.sciencedirect.com/science/article/pii/S1570870525000678""]",,,"{""sciencedirect_pii"": [""S1570870525000678""]}","[""ScienceDirect""]",1,1,2025-03-31T08:19:26,2025-03-31T08:19:26
gsa-7a54b6e63359,Quality of Experience and Reliability-Aware Task Offloading and Scheduling for Multi-User Mobile-Edge Computing Systems,2025,True,7,"[""computing_context"", ""task_resource_context"", ""strong_computing_context""]",,https://ieeexplore.ieee.org/abstract/document/10930689/,[],"[""https://ieeexplore.ieee.org/abstract/document/10930689/""]",,,"{""ieee_document_id"": [""10930689""]}","[""IEEE Xplore""]",2,2,2025-03-25T15:21:12,2025-03-29T06:56:01
gsa-c31168f1d271,Federated Learning with Sailfish-Optimized Ensemble Models for Anomaly Detection in IoT Edge Computing Environment,2025,True,7,"[""computing_context"", ""adaptive_learning_context"", ""strong_computing_context"", ""network_context""]",,https://ieeexplore.ieee.org/iel8/6287639/6514899/10938074.pdf,"[""https://ieeexplore.ieee.org/iel8/6287639/6514899/10938074.pdf""]",[],,,"{""ieee_document_id"": [""10938074""]}","[""IEEE Xplore""]",1,1,2025-03-29T06:56:01,2025-03-29T06:56:01
gsa-37f7b4a4c0f6,Detection of maintenance issues from UAV images of archaeological sites: A yolo-based tool,2025,False,2,"[""computing_context"", ""network_context"", ""vision_detection_noise""]",computer-vision/object-detection topic without distributed-computing context,https://link.springer.com/article/10.1007/s11042-025-20773-7,[],"[""https://link.springer.com/article/10.1007/s11042-025-20773-7""]",10.1007/s11042-025-20773-7,,"{""doi"": [""10.1007/s11042-025-20773-7""]}","[""Springer""]",1,1,2025-03-29T06:56:01,2025-03-29T06:56:01
gsa-c85377854e22,Dependency-Aware Task Offloading Strategy via Heterogeneous Graph Neural Network and Deep Reinforcement Learning,2025,True,7,"[""computing_context"", ""task_resource_context"", ""adaptive_learning_context"", ""network_context""]",,https://ieeexplore.ieee.org/abstract/document/10918838/,[],"[""https://ieeexplore.ieee.org/abstract/document/10918838/""]",,,"{""ieee_document_id"": [""10918838""]}","[""IEEE Xplore""]",1,1,2025-03-29T06:56:01,2025-03-29T06:56:01
gsa-65de5f54af38,"Delay-energy-aware joint multi-cell association, service caching, and task offloading in hybrid-task heterogeneous edge computing networks",2025,True,8,"[""computing_context"", ""task_resource_context"", ""strong_computing_context"", ""network_context""]",,https://www.sciencedirect.com/science/article/pii/S1389128625001999,[],"[""https://www.sciencedirect.com/science/article/pii/S1389128625001999""]",,,"{""sciencedirect_pii"": [""S1389128625001999""]}","[""ScienceDirect""]",1,1,2025-03-29T06:56:01,2025-03-29T06:56:01
gsa-2913e669ee31,Research on Edge Computing and Cloud Collaborative Resource Scheduling Optimization Based on Deep Reinforcement Learning,2025,True,8,"[""computing_context"", ""task_resource_context"", ""adaptive_learning_context"", ""strong_computing_context""]",,https://arxiv.org/pdf/2502.18773,"[""https://arxiv.org/pdf/2502.18773""]",[],,2502.18773,"{""arxiv_id"": [""2502.18773""]}","[""arXiv""]",1,1,2025-03-28T00:26:37,2025-03-28T00:26:37
gsa-093427e98b76,Blockchain-based federated learning with homomorphic encryption for privacy-preserving healthcare data sharing,2025,True,5,"[""computing_context"", ""adaptive_learning_context"", ""network_context""]",,https://www.sciencedirect.com/science/article/pii/S2542660525000927,[],"[""https://www.sciencedirect.com/science/article/pii/S2542660525000927""]",,,"{""sciencedirect_pii"": [""S2542660525000927""]}","[""ScienceDirect""]",1,1,2025-03-28T00:26:37,2025-03-28T00:26:37
gsa-01a19a0e7d5d,A graph reinforcement LearningPowered Online-Computational task offloading and latency minimization framework for wireless mobile edge computing networks,2025,True,8,"[""computing_context"", ""task_resource_context"", ""strong_computing_context"", ""network_context""]",,https://www.sciencedirect.com/science/article/pii/S138904172500035X,[],"[""https://www.sciencedirect.com/science/article/pii/S138904172500035X""]",,,"{""sciencedirect_pii"": [""S138904172500035X""]}","[""ScienceDirect""]",1,1,2025-03-28T00:26:37,2025-03-28T00:26:37
gsa-5b1016b3f913,Оценка наиболее значимых факторов для реализации проекта открытой разработки рудных месторождений,2025,False,0,[],missing clear distributed/edge/cloud computing context,https://www.mining-science.ru/download/2025/2025-1/003.pdf,"[""https://www.mining-science.ru/download/2025/2025-1/003.pdf""]",[],,,{},"[""www.mining-science.ru""]",1,1,2025-03-19T00:27:18,2025-03-19T00:27:18
gsa-2002cae86da5,Securing and optimizing IoT offloading with blockchain and deep reinforcement learning in multi-user environments,2025,True,7,"[""computing_context"", ""task_resource_context"", ""adaptive_learning_context"", ""network_context""]",,https://link.springer.com/article/10.1007/s11276-025-03932-4,[],"[""https://link.springer.com/article/10.1007/s11276-025-03932-4""]",10.1007/s11276-025-03932-4,,"{""doi"": [""10.1007/s11276-025-03932-4""]}","[""Springer""]",1,1,2025-03-19T00:27:18,2025-03-19T00:27:18
gsa-6aec82fe6e58,Learning Adaptive Multi-Timescale Scheduling for Mobile Edge Computing,2025,True,8,"[""computing_context"", ""task_resource_context"", ""adaptive_learning_context"", ""strong_computing_context""]",,https://ieeexplore.ieee.org/abstract/document/10912771/,[],"[""https://ieeexplore.ieee.org/abstract/document/10912771/""]",,,"{""ieee_document_id"": [""10912771""]}","[""IEEE Xplore""]",1,1,2025-03-19T00:27:18,2025-03-19T00:27:18
gsa-cee710e11b21,Dynamic Distributed Model Compression for Efficient Decentralized Federated Learning and Incentive Provisioning in Edge Computing Networks,2025,True,7,"[""computing_context"", ""adaptive_learning_context"", ""strong_computing_context"", ""network_context""]",,https://ieeexplore.ieee.org/abstract/document/10891878/,[],"[""https://ieeexplore.ieee.org/abstract/document/10891878/""]",,,"{""ieee_document_id"": [""10891878""]}","[""IEEE Xplore""]",2,2,2025-02-23T10:14:44,2025-03-19T00:27:18
gsa-37aa9ecd75f2,A NOVEL FUZZY RULE BASED DECISION-MAKING APPROACH FOR TASK OFFLOADING ON MULTI-TIER MOBILE-EDGE CLOUD COMPUTING SYSTEMS,2025,True,8,"[""computing_context"", ""task_resource_context"", ""adaptive_learning_context"", ""strong_computing_context""]",,http://www.jatit.org/volumes/Vol103No5/13Vol103No5.pdf,"[""http://www.jatit.org/volumes/Vol103No5/13Vol103No5.pdf""]",[],,,{},"[""www.jatit.org""]",1,1,2025-03-19T00:27:18,2025-03-19T00:27:18
gsa-cc3f42b0eb8b,A Dynamic Optimization Framework for Computation Rate Maximization in UAV-Assisted Mobile Edge Computing,2025,True,8,"[""computing_context"", ""task_resource_context"", ""strong_computing_context"", ""network_context""]",,https://ieeexplore.ieee.org/iel8/25/4356907/10918796.pdf,"[""https://ieeexplore.ieee.org/iel8/25/4356907/10918796.pdf""]",[],,,"{""ieee_document_id"": [""10918796""]}","[""IEEE Xplore""]",1,1,2025-03-19T00:27:18,2025-03-19T00:27:18
gsa-6d7d03ad7eeb,Transformer and Meta-Reinforcement Learning-Based Task Offloading for MEC Systems in Dynamic Environments,2025,True,8,"[""computing_context"", ""task_resource_context"", ""adaptive_learning_context"", ""strong_computing_context""]",,https://ieeexplore.ieee.org/iel8/6287639/6514899/10921728.pdf,"[""https://ieeexplore.ieee.org/iel8/6287639/6514899/10921728.pdf""]",[],,,"{""ieee_document_id"": [""10921728""]}","[""IEEE Xplore""]",1,1,2025-03-17T11:32:05,2025-03-17T11:32:05
gsa-3d0f546f9d76,The Distributed Intelligent Collaboration to UAV-Assisted VEC: Joint Position Optimization and Task Scheduling,2025,True,6,"[""computing_context"", ""task_resource_context"", ""network_context""]",,https://ieeexplore.ieee.org/abstract/document/10909113/,[],"[""https://ieeexplore.ieee.org/abstract/document/10909113/""]",,,"{""ieee_document_id"": [""10909113""]}","[""IEEE Xplore""]",2,2,2025-03-09T20:50:03,2025-03-17T11:32:05
gsa-450907a12e11,"Task Offloading and Resource Allocation in Vehicular Cooperative Perception With Integrated Sensing, Communication, and Computation",2025,True,6,"[""computing_context"", ""task_resource_context"", ""network_context""]",,https://ieeexplore.ieee.org/abstract/document/10899097/,[],"[""https://ieeexplore.ieee.org/abstract/document/10899097/""]",,,"{""ieee_document_id"": [""10899097""]}","[""IEEE Xplore""]",2,2,2025-02-26T01:52:57,2025-03-17T11:32:05
gsa-cacd1b9b34b2,Large Language Model-Guided SARSA Algorithm for Dynamic Task Scheduling in Cloud Computing,2025,True,7,"[""computing_context"", ""task_resource_context"", ""strong_computing_context""]",,https://www.mdpi.com/2227-7390/13/6/926,[],"[""https://www.mdpi.com/2227-7390/13/6/926""]",,,"{""mdpi_path"": [""2227-7390/13/6/926""]}","[""MDPI""]",1,1,2025-03-17T11:32:05,2025-03-17T11:32:05
gsa-5524a7be3100,Fog-based architecture and efficient task offloading methodology in IoT-based applications for smart irrigation system,2025,True,6,"[""computing_context"", ""task_resource_context"", ""network_context""]",,https://link.springer.com/article/10.1007/s00607-025-01430-1,[],"[""https://link.springer.com/article/10.1007/s00607-025-01430-1""]",10.1007/s00607-025-01430-1,,"{""doi"": [""10.1007/s00607-025-01430-1""]}","[""Springer""]",1,1,2025-03-17T11:32:05,2025-03-17T11:32:05
gsa-556aea56abf6,FedPPO: Reinforcement Learning-Based Client Selection for Federated Learning With Heterogeneous Data,2025,True,4,"[""computing_context"", ""adaptive_learning_context""]",,https://ieeexplore.ieee.org/abstract/document/10909702/,[],"[""https://ieeexplore.ieee.org/abstract/document/10909702/""]",,,"{""ieee_document_id"": [""10909702""]}","[""IEEE Xplore""]",2,2,2025-03-08T22:47:13,2025-03-17T11:32:05
gsa-98f6acb29ea4,Delay-Aware Digital Twin Synchronization in Mobile Edge Networks With Semantic Communications,2025,True,6,"[""computing_context"", ""strong_computing_context"", ""network_context""]",,https://arxiv.org/pdf/2503.04387,"[""https://arxiv.org/pdf/2503.04387""]",[],,2503.04387,"{""arxiv_id"": [""2503.04387""]}","[""arXiv""]",1,1,2025-03-17T11:32:05,2025-03-17T11:32:05
gsa-8bdcfe9e3113,Computation offloading and pricing strategy for heterogeneous multicell network with mobile edge computing,2025,True,8,"[""computing_context"", ""task_resource_context"", ""strong_computing_context"", ""network_context""]",,https://link.springer.com/article/10.1007/s12083-025-01926-9,[],"[""https://link.springer.com/article/10.1007/s12083-025-01926-9""]",10.1007/s12083-025-01926-9,,"{""doi"": [""10.1007/s12083-025-01926-9""]}","[""Springer""]",2,2,2025-03-01T08:13:36,2025-03-17T11:32:05
gsa-a220bb8038fd,Average Reliability-Optimal Offloading for Mobile Edge Computing in LowLatency Industrial IoT Networks,2025,True,8,"[""computing_context"", ""task_resource_context"", ""strong_computing_context"", ""network_context""]",,https://ieeexplore.ieee.org/abstract/document/10891896/,[],"[""https://ieeexplore.ieee.org/abstract/document/10891896/""]",,,"{""ieee_document_id"": [""10891896""]}","[""IEEE Xplore""]",2,2,2025-02-23T10:14:44,2025-03-17T11:32:05
gsa-521257deef6d,MOSO: multi-objective snake optimizer with density estimation and grid indexing mechanism for edge computing task offloading and scheduling optimization,2025,True,7,"[""computing_context"", ""task_resource_context"", ""strong_computing_context""]",,https://link.springer.com/article/10.1007/s10586-024-04902-9,[],"[""https://link.springer.com/article/10.1007/s10586-024-04902-9""]",10.1007/s10586-024-04902-9,,"{""doi"": [""10.1007/s10586-024-04902-9""]}","[""Springer""]",1,1,2025-03-13T04:32:07,2025-03-13T04:32:07
gsa-98b6a10a3464,ADR-SALD: Attention-Based Deep Residual Sign Agnostic Learning with Derivatives for Implicit Surface Reconstruction,2025,False,1,"[""adaptive_learning_context""]",missing clear distributed/edge/cloud computing context,https://ieeexplore.ieee.org/iel8/6287639/6514899/10916624.pdf,"[""https://ieeexplore.ieee.org/iel8/6287639/6514899/10916624.pdf""]",[],,,"{""ieee_document_id"": [""10916624""]}","[""IEEE Xplore""]",1,1,2025-03-13T04:32:07,2025-03-13T04:32:07
gsa-c22a93488769,Yardstick-Stackelberg pricing-based incentive mechanism for Federated Learning in Edge Computing,2025,True,7,"[""computing_context"", ""adaptive_learning_context"", ""strong_computing_context"", ""network_context""]",,https://www.sciencedirect.com/science/article/pii/S1389128625001549,[],"[""https://www.sciencedirect.com/science/article/pii/S1389128625001549""]",,,"{""sciencedirect_pii"": [""S1389128625001549""]}","[""ScienceDirect""]",1,1,2025-03-12T00:55:04,2025-03-12T00:55:04
gsa-bcdab5402f34,The Optimal Operation Strategy of an Energy Community Aggregator for Heterogeneous Distributed Flexible Resources,2025,True,5,"[""computing_context"", ""strong_computing_context""]",,https://ieeexplore.ieee.org/iel8/8784343/8891891/10916768.pdf,"[""https://ieeexplore.ieee.org/iel8/8784343/8891891/10916768.pdf""]",[],,,"{""ieee_document_id"": [""10916768""]}","[""IEEE Xplore""]",1,1,2025-03-12T00:55:04,2025-03-12T00:55:04
gsa-2467ed4c6bad,Learning Neural Velocity Fields from Dynamic 3D Scenes via Edge-Aware Ray Sampling,2025,True,4,"[""computing_context"", ""adaptive_learning_context""]",,https://www.scitepress.org/Papers/2025/132336/132336.pdf,"[""https://www.scitepress.org/Papers/2025/132336/132336.pdf""]",[],,,{},"[""www.scitepress.org""]",1,1,2025-03-12T00:55:04,2025-03-12T00:55:04
gsa-4001c07628b1,Joint Task Offloading and Resource Allocation for LEO Satellite-Based Mobile Edge Computing Systems With Heterogeneous Task Demands,2025,True,8,"[""computing_context"", ""task_resource_context"", ""strong_computing_context"", ""network_context""]",,https://ieeexplore.ieee.org/abstract/document/10916814/,[],"[""https://ieeexplore.ieee.org/abstract/document/10916814/""]",,,"{""ieee_document_id"": [""10916814""]}","[""IEEE Xplore""]",1,1,2025-03-12T00:55:04,2025-03-12T00:55:04
gsa-9ad7c6861b18,High-Fidelity Single-View Reconstruction of Indoor Scenes using 3D Shape Prior Template and Pixel-Aligned Deformation,2025,False,0,[],missing clear distributed/edge/cloud computing context,https://ieeexplore.ieee.org/abstract/document/10888993/,[],"[""https://ieeexplore.ieee.org/abstract/document/10888993/""]",,,"{""ieee_document_id"": [""10888993""]}","[""IEEE Xplore""]",1,1,2025-03-12T00:55:04,2025-03-12T00:55:04
gsa-8d73d0ccb3f1,"Performance Evaluation of Decentralized Federated Learning: Impact of Fully and K-Connected Topologies, Heterogeneous Computing Resources, and Communication Bandwidth",2025,True,4,"[""computing_context"", ""adaptive_learning_context""]",,https://ieeexplore.ieee.org/iel8/6287639/6514899/10891509.pdf,"[""https://ieeexplore.ieee.org/iel8/6287639/6514899/10891509.pdf""]",[],,,"{""ieee_document_id"": [""10891509""]}","[""IEEE Xplore""]",2,2,2025-03-01T08:13:36,2025-03-10T20:43:25
gsa-79c0bc27df3f,A Multi-Agent Federated DRL Model for Vehicular Task Offloading in WPT-Aided eROAD Environment,2025,True,7,"[""computing_context"", ""task_resource_context"", ""adaptive_learning_context"", ""network_context""]",,https://ieeexplore.ieee.org/abstract/document/10880679/,[],"[""https://ieeexplore.ieee.org/abstract/document/10880679/""]",,,"{""ieee_document_id"": [""10880679""]}","[""IEEE Xplore""]",1,1,2025-03-10T20:43:25,2025-03-10T20:43:25
gsa-08a4a62a3026,Vehicle-Assisted Service Caching for Task Offloading in Vehicular Edge Computing,2025,True,8,"[""computing_context"", ""task_resource_context"", ""strong_computing_context"", ""network_context""]",,https://ieeexplore.ieee.org/abstract/document/10902218/,[],"[""https://ieeexplore.ieee.org/abstract/document/10902218/""]",,,"{""ieee_document_id"": [""10902218""]}","[""IEEE Xplore""]",2,2,2025-03-01T08:13:36,2025-03-09T20:50:03
gsa-d5a0dde64271,Privacy-preserving cooperative hierarchical caching approach based on federated deep reinforcement learning for vehicular edge computing,2025,True,9,"[""computing_context"", ""task_resource_context"", ""adaptive_learning_context"", ""strong_computing_context"", ""network_context""]",,https://link.springer.com/article/10.1007/s11227-025-07058-4,[],"[""https://link.springer.com/article/10.1007/s11227-025-07058-4""]",10.1007/s11227-025-07058-4,,"{""doi"": [""10.1007/s11227-025-07058-4""]}","[""Springer""]",3,3,2025-02-28T07:12:46,2025-03-09T20:50:03
gsa-940461162f92,KJA: Kookaburra Jellyfish Algorithm Based Task Offloading in UAV-Enabled Mobile Edge Computing Network,2025,True,8,"[""computing_context"", ""task_resource_context"", ""strong_computing_context"", ""network_context""]",,https://onlinelibrary.wiley.com/doi/abs/10.1002/dac.70007,[],"[""https://onlinelibrary.wiley.com/doi/abs/10.1002/dac.70007""]",10.1002/dac.70007,,"{""doi"": [""10.1002/dac.70007""]}","[""Wiley""]",2,2,2025-02-14T22:44:07,2025-03-09T20:50:03
gsa-6d83de9fc1d1,Enhancing Task Offloading in Vehicular Networks: A Multi-Agent Cloud-Edge-Device Framework,2025,True,7,"[""computing_context"", ""task_resource_context"", ""adaptive_learning_context"", ""network_context""]",,https://www.sciencedirect.com/science/article/pii/S2214209625000257,[],"[""https://www.sciencedirect.com/science/article/pii/S2214209625000257""]",,,"{""sciencedirect_pii"": [""S2214209625000257""]}","[""ScienceDirect""]",1,1,2025-03-09T20:50:03,2025-03-09T20:50:03
gsa-64ba1e324e76,Dynamic Task Offloading Scheme for Edge Computing via Meta-Reinforcement Learning,2025,True,8,"[""computing_context"", ""task_resource_context"", ""adaptive_learning_context"", ""strong_computing_context""]",,https://www.sciencedirect.com/org/science/article/pii/S1546221825000712,[],"[""https://www.sciencedirect.com/org/science/article/pii/S1546221825000712""]",,,"{""sciencedirect_pii"": [""S1546221825000712""]}","[""ScienceDirect""]",1,1,2025-03-09T20:50:03,2025-03-09T20:50:03
gsa-4c98acec2707,Dynamic Priority-Based Task Scheduling and Adaptive Resource Allocation Algorithms for Efficient Edge Computing in Healthcare Systems,2025,True,8,"[""computing_context"", ""task_resource_context"", ""adaptive_learning_context"", ""strong_computing_context""]",,https://www.sciencedirect.com/science/article/pii/S2590123025004232,[],"[""https://www.sciencedirect.com/science/article/pii/S2590123025004232""]",,,"{""sciencedirect_pii"": [""S2590123025004232""]}","[""ScienceDirect""]",1,1,2025-03-09T20:50:03,2025-03-09T20:50:03
gsa-f0ad5a4db6e7,Digital Twin-Enabled Multi-Service Task Offloading in Vehicular Edge Computing Using Soft Actor-Critic,2025,True,8,"[""computing_context"", ""task_resource_context"", ""strong_computing_context"", ""network_context""]",,https://search.proquest.com/openview/4542a78067f5fecd9d7f4c43613bf554/1?pq-origsite=gscholar&cbl=2032404,[],"[""https://search.proquest.com/openview/4542a78067f5fecd9d7f4c43613bf554/1?pq-origsite=gscholar&cbl=2032404""]",,,{},"[""ProQuest""]",1,1,2025-03-09T20:50:03,2025-03-09T20:50:03
gsa-18dc0b4f4283,Cost-Effective Task offloading and Resource Scheduling for Mobile Edge Computing in 6G Space-Air-Ground Integrated Network,2025,True,8,"[""computing_context"", ""task_resource_context"", ""strong_computing_context"", ""network_context""]",,https://ieeexplore.ieee.org/abstract/document/10879508/,[],"[""https://ieeexplore.ieee.org/abstract/document/10879508/""]",,,"{""ieee_document_id"": [""10879508""]}","[""IEEE Xplore""]",2,2,2025-02-15T22:55:22,2025-03-09T20:50:03
gsa-3d63b2b73a9c,An Efficient Collaborative Task Offloading Approach Based on Multi-Objective Algorithm in MEC-Assisted Vehicular Networks,2025,True,8,"[""computing_context"", ""task_resource_context"", ""strong_computing_context"", ""network_context""]",,https://ieeexplore.ieee.org/abstract/document/10892265/,[],"[""https://ieeexplore.ieee.org/abstract/document/10892265/""]",,,"{""ieee_document_id"": [""10892265""]}","[""IEEE Xplore""]",1,1,2025-03-09T20:50:03,2025-03-09T20:50:03
gsa-b0f209868623,Two-Timescale Hierarchical Contract for Joint Computation Offloading and Energy Management in Edge Computing System,2025,True,8,"[""computing_context"", ""task_resource_context"", ""strong_computing_context"", ""network_context""]",,https://ieeexplore.ieee.org/abstract/document/10879452/,[],"[""https://ieeexplore.ieee.org/abstract/document/10879452/""]",,,"{""ieee_document_id"": [""10879452""]}","[""IEEE Xplore""]",4,4,2025-02-15T22:55:22,2025-03-08T22:47:13
gsa-4dc3468cde43,Data-Driven Incentive Mechanisms for Federated Learning in Vehicular Networks,2025,True,5,"[""computing_context"", ""adaptive_learning_context"", ""network_context""]",,https://ieeexplore.ieee.org/abstract/document/10909565/,[],"[""https://ieeexplore.ieee.org/abstract/document/10909565/""]",,,"{""ieee_document_id"": [""10909565""]}","[""IEEE Xplore""]",1,1,2025-03-08T22:47:13,2025-03-08T22:47:13
gsa-afc3e40edc86,A Relative Position-based Bacterial Foraging Optimization Algorithm with Dropout Strategy for Computation Offloading in Mobile Edge Computing,2025,True,7,"[""computing_context"", ""task_resource_context"", ""strong_computing_context""]",,https://www.sciopen.com/article/10.26599/TST.2024.9010199,[],"[""https://www.sciopen.com/article/10.26599/TST.2024.9010199""]",10.26599/TST.2024.9010199,,"{""doi"": [""10.26599/TST.2024.9010199""]}","[""www.sciopen.com""]",2,2,2025-03-01T08:13:36,2025-03-08T22:47:13
gsa-ee3dbca04a40,RSMA-Assisted Distributed Computation Offloading in Vehicular Networks based on Stochastic Geometry,2025,True,6,"[""computing_context"", ""task_resource_context"", ""network_context""]",,https://ieeexplore.ieee.org/abstract/document/10882982/,[],"[""https://ieeexplore.ieee.org/abstract/document/10882982/""]",,,"{""ieee_document_id"": [""10882982""]}","[""IEEE Xplore""]",1,1,2025-03-07T20:59:06,2025-03-07T20:59:06
gsa-6a421567063f,Partial Offloading Strategy Based on Deep Reinforcement Learning in the Internet of Vehicles,2025,True,6,"[""computing_context"", ""task_resource_context"", ""adaptive_learning_context""]",,https://ieeexplore.ieee.org/abstract/document/10904114/,[],"[""https://ieeexplore.ieee.org/abstract/document/10904114/""]",,,"{""ieee_document_id"": [""10904114""]}","[""IEEE Xplore""]",2,2,2025-03-01T08:13:36,2025-03-07T20:59:06
gsa-636e67d7e6cc,Neural Combinatorial Optimization for Multiobjective Task Offloading in Mobile Edge Computing,2025,True,8,"[""computing_context"", ""task_resource_context"", ""strong_computing_context"", ""network_context""]",,https://ieeexplore.ieee.org/abstract/document/10908871/,[],"[""https://ieeexplore.ieee.org/abstract/document/10908871/""]",,,"{""ieee_document_id"": [""10908871""]}","[""IEEE Xplore""]",1,1,2025-03-07T20:59:06,2025-03-07T20:59:06
gsa-37ddcfbfc6fc,Joint Class-Balanced Client Selection and Bandwidth Allocation for Cost-Efficient Federated Learning in Mobile Edge Computing Networks,2025,True,7,"[""computing_context"", ""adaptive_learning_context"", ""strong_computing_context"", ""network_context""]",,https://ieeexplore.ieee.org/abstract/document/10876775/,[],"[""https://ieeexplore.ieee.org/abstract/document/10876775/""]",,,"{""ieee_document_id"": [""10876775""]}","[""IEEE Xplore""]",2,2,2025-02-10T16:41:36,2025-03-07T20:59:06
gsa-c7469df22080,Innovative Approaches to Task Scheduling in Cloud Computing Environments Using an Advanced Willow Catkin Optimization Algorithm,2025,True,7,"[""computing_context"", ""task_resource_context"", ""strong_computing_context""]",,https://www.sciencedirect.com/org/science/article/pii/S1546221825001237,[],"[""https://www.sciencedirect.com/org/science/article/pii/S1546221825001237""]",,,"{""sciencedirect_pii"": [""S1546221825001237""]}","[""ScienceDirect""]",1,1,2025-03-07T20:59:06,2025-03-07T20:59:06
gsa-676a3b78cf60,Combined processing of the surface of metal specimens manufactured by the electron beam welding method,2025,False,0,[],missing clear distributed/edge/cloud computing context,https://link.springer.com/article/10.1007/s11182-025-03368-5,[],"[""https://link.springer.com/article/10.1007/s11182-025-03368-5""]",10.1007/s11182-025-03368-5,,"{""doi"": [""10.1007/s11182-025-03368-5""]}","[""Springer""]",1,1,2025-03-07T20:59:06,2025-03-07T20:59:06
gsa-d5bed20c917a,A diversity-aware incentive mechanism for cross-silo federated learning with budget constraint,2025,True,4,"[""computing_context"", ""adaptive_learning_context""]",,https://www.sciencedirect.com/science/article/pii/S095070512500259X,[],"[""https://www.sciencedirect.com/science/article/pii/S095070512500259X""]",,,"{""sciencedirect_pii"": [""S095070512500259X""]}","[""ScienceDirect""]",1,1,2025-03-07T20:59:06,2025-03-07T20:59:06
gsa-1939e64335df,PQBFL: A Post-Quantum Blockchain-based Protocol for Federated Learning,2025,True,4,"[""computing_context"", ""adaptive_learning_context""]",,https://arxiv.org/pdf/2502.14464,"[""https://arxiv.org/pdf/2502.14464""]",[],,2502.14464,"{""arxiv_id"": [""2502.14464""]}","[""arXiv""]",1,1,2025-03-06T19:48:52,2025-03-06T19:48:52
gsa-754480cb68da,Load-balanced multi-user mobility-aware task offloading in multi-access edge computing,2025,True,7,"[""computing_context"", ""task_resource_context"", ""strong_computing_context""]",,https://www.sciencedirect.com/science/article/pii/S0140366425000593,[],"[""https://www.sciencedirect.com/science/article/pii/S0140366425000593""]",,,"{""sciencedirect_pii"": [""S0140366425000593""]}","[""ScienceDirect""]",2,2,2025-02-22T09:52:00,2025-03-06T19:48:52
gsa-50273810a9b6,Efficient Layer Sharing for Application Deployment in Edge Computing Environment,2025,True,5,"[""computing_context"", ""strong_computing_context""]",,https://ieeexplore.ieee.org/abstract/document/10896721/,[],"[""https://ieeexplore.ieee.org/abstract/document/10896721/""]",,,"{""ieee_document_id"": [""10896721""]}","[""IEEE Xplore""]",1,1,2025-03-06T19:48:52,2025-03-06T19:48:52
gsa-dce93a00913a,Federated Twin Delayed Deep Deterministic Policy Gradient for Delay and Energy Consumption Optimization in Urban Air Mobility with UAV-Assisted MEC,2025,True,8,"[""computing_context"", ""task_resource_context"", ""strong_computing_context"", ""network_context""]",,https://search.proquest.com/openview/c4de7fea12cd0ec97d230b6cac5e6ba2/1?pq-origsite=gscholar&cbl=5046906,[],"[""https://search.proquest.com/openview/c4de7fea12cd0ec97d230b6cac5e6ba2/1?pq-origsite=gscholar&cbl=5046906""]",,,{},"[""ProQuest""]",1,1,2025-03-05T10:23:17,2025-03-05T10:23:17
gsa-4251b513452b,Age-Aware Scheduling for Federated Learning with Caching in Wireless Computing Power Networks,2025,True,7,"[""computing_context"", ""task_resource_context"", ""adaptive_learning_context"", ""network_context""]",,https://search.proquest.com/openview/0ccc22357fa50385d95305be0b221256/1?pq-origsite=gscholar&cbl=2032404,[],"[""https://search.proquest.com/openview/0ccc22357fa50385d95305be0b221256/1?pq-origsite=gscholar&cbl=2032404""]",,,{},"[""ProQuest""]",1,1,2025-03-05T10:23:17,2025-03-05T10:23:17
gsa-b58ff644191f,on improved YOLO v4 model with UAV images,2025,False,2,"[""computing_context"", ""network_context"", ""vision_detection_noise""]",computer-vision/object-detection topic without distributed-computing context,https://www.google.com/books?hl=en&lr=lang_en&id=aUlKEQAAQBAJ&oi=fnd&pg=PA68,[],"[""https://www.google.com/books?hl=en&lr=lang_en&id=aUlKEQAAQBAJ&oi=fnd&pg=PA68""]",,,"{""google_books_id"": [""aUlKEQAAQBAJ""], ""google_books_page"": [""PA68""]}","[""Google Books""]",1,1,2025-03-03T15:10:17,2025-03-03T15:10:17
gsa-21d20e11a361,Recurrent Diffusion for 3D Point Cloud Generation from a Single Image,2025,False,3,"[""computing_context""]",missing clear distributed/edge/cloud computing context,https://ieeexplore.ieee.org/abstract/document/10907786/,[],"[""https://ieeexplore.ieee.org/abstract/document/10907786/""]",,,"{""ieee_document_id"": [""10907786""]}","[""IEEE Xplore""]",1,1,2025-03-03T15:10:17,2025-03-03T15:10:17
gsa-382cbc481eff,On a Federated Learning Based Computation Offloading Strategy for Non-Terrestrial Network Assisted Internet of Medical Things,2025,True,7,"[""computing_context"", ""task_resource_context"", ""adaptive_learning_context"", ""network_context""]",,https://ieeexplore.ieee.org/abstract/document/10907938/,[],"[""https://ieeexplore.ieee.org/abstract/document/10907938/""]",,,"{""ieee_document_id"": [""10907938""]}","[""IEEE Xplore""]",1,1,2025-03-03T15:10:17,2025-03-03T15:10:17
gsa-954247139db3,Lyapunov-Guided Resource Allocation and Task Scheduling for Edge Computing Cognitive Radio Networks via Deep Reinforcement Learning,2025,True,9,"[""computing_context"", ""task_resource_context"", ""adaptive_learning_context"", ""strong_computing_context"", ""network_context""]",,https://ieeexplore.ieee.org/iel8/7361/4427201/10906327.pdf,"[""https://ieeexplore.ieee.org/iel8/7361/4427201/10906327.pdf""]",[],,,"{""ieee_document_id"": [""10906327""]}","[""IEEE Xplore""]",1,1,2025-03-03T15:10:17,2025-03-03T15:10:17
gsa-9a363c98d9a8,Joint Optimization of Offloading and Caching in Full-Duplex-Enabled Edge Computing Networks,2025,True,8,"[""computing_context"", ""task_resource_context"", ""strong_computing_context"", ""network_context""]",,https://ieeexplore.ieee.org/abstract/document/10906466/,[],"[""https://ieeexplore.ieee.org/abstract/document/10906466/""]",,,"{""ieee_document_id"": [""10906466""]}","[""IEEE Xplore""]",1,1,2025-03-03T15:10:17,2025-03-03T15:10:17
gsa-22886aefb99b,Energy Aware Intelligent Task Offloading in Mobile Edge Computing Using Hyper Heuristics,2025,True,7,"[""computing_context"", ""task_resource_context"", ""strong_computing_context""]",,http://conference.peerreviewarticle.com/id/eprint/2056/,[],"[""http://conference.peerreviewarticle.com/id/eprint/2056/""]",,,{},"[""conference.peerreviewarticle.com""]",1,1,2025-03-03T15:10:17,2025-03-03T15:10:17
gsa-7eb89b98c1bb,A scalable federated learning-based approach for accurate traffic prediction in edge computing-enable metro optical network,2025,True,7,"[""computing_context"", ""adaptive_learning_context"", ""strong_computing_context"", ""network_context""]",,https://www.sciencedirect.com/science/article/pii/S0360835225001500,[],"[""https://www.sciencedirect.com/science/article/pii/S0360835225001500""]",,,"{""sciencedirect_pii"": [""S0360835225001500""]}","[""ScienceDirect""]",1,1,2025-03-03T15:10:17,2025-03-03T15:10:17
gsa-64ec530acedc,Verifiable Federated Learning with Group Chaining in Edge Computing,2025,True,6,"[""computing_context"", ""adaptive_learning_context"", ""strong_computing_context""]",,https://www.sciencedirect.com/science/article/pii/S0950705125001765,[],"[""https://www.sciencedirect.com/science/article/pii/S0950705125001765""]",,,"{""sciencedirect_pii"": [""S0950705125001765""]}","[""ScienceDirect""]",1,1,2025-03-02T16:41:32,2025-03-02T16:41:32
gsa-8105cdde86a7,User Preference Oriented Service Caching and Task Offloading for UAV-Assisted MEC Networks,2025,True,8,"[""computing_context"", ""task_resource_context"", ""strong_computing_context"", ""network_context""]",,https://ieeexplore.ieee.org/abstract/document/10886975/,[],"[""https://ieeexplore.ieee.org/abstract/document/10886975/""]",,,"{""ieee_document_id"": [""10886975""]}","[""IEEE Xplore""]",2,2,2025-02-23T10:14:44,2025-03-02T16:41:32
gsa-bde9bbc8c8c2,Joint Computation Offloading and Resource Allocation in Mobile-Edge Cloud Computing: A Two-Layer Game Approach,2025,True,7,"[""computing_context"", ""task_resource_context"", ""strong_computing_context""]",,https://www.computer.org/csdl/journal/cc/5555/01/10870187/2427Eqamh6o,[],"[""https://www.computer.org/csdl/journal/cc/5555/01/10870187/2427Eqamh6o"", ""https://ieeexplore.ieee.org/abstract/document/10870187/""]",,,"{""ieee_document_id"": [""10870187""]}","[""IEEE Computer Society"", ""IEEE Xplore""]",2,2,2025-02-07T21:37:28,2025-03-02T16:41:32
gsa-9a78bda28c19,Investigations and Time Estimation on Federated Learning for Future Internet of Vehicles,2025,True,5,"[""computing_context"", ""adaptive_learning_context"", ""network_context""]",,https://ieeexplore.ieee.org/abstract/document/10877911/,[],"[""https://ieeexplore.ieee.org/abstract/document/10877911/""]",,,"{""ieee_document_id"": [""10877911""]}","[""IEEE Xplore""]",2,2,2025-02-22T09:52:00,2025-03-02T16:41:32
gsa-2a1e745a18db,Energy-Efficient Dynamic Workflow Scheduling in Cloud Environments Using Deep Learning,2025,True,6,"[""computing_context"", ""task_resource_context"", ""adaptive_learning_context""]",,https://www.mdpi.com/1424-8220/25/5/1428,[],"[""https://www.mdpi.com/1424-8220/25/5/1428""]",,,"{""mdpi_path"": [""1424-8220/25/5/1428""]}","[""MDPI""]",1,1,2025-03-02T16:41:32,2025-03-02T16:41:32
gsa-ac6474a8c4f3,Task Offloading and Multi-cache Placement Based on DRL in UAV-assisted MEC Networks,2025,True,8,"[""computing_context"", ""task_resource_context"", ""strong_computing_context"", ""network_context""]",,https://www.sciencedirect.com/science/article/pii/S2214209625000270,[],"[""https://www.sciencedirect.com/science/article/pii/S2214209625000270""]",,,"{""sciencedirect_pii"": [""S2214209625000270""]}","[""ScienceDirect""]",1,1,2025-03-01T08:13:36,2025-03-01T08:13:36
gsa-05df503b2fe3,A study of the surface mining operations at coal deposits in the Federal Republic of Germany based on Earth's remote sensing data; Исследование открытых горных ...,2025,False,-5,"[""off_topic_energy_carbon"", ""vision_detection_noise""]",energy/carbon/hydrogen topic without distributed-computing context,http://eprints.lqdtu.edu.vn/id/eprint/11498/,[],"[""http://eprints.lqdtu.edu.vn/id/eprint/11498/""]",,,{},"[""eprints.lqdtu.edu.vn""]",1,1,2025-03-01T08:13:36,2025-03-01T08:13:36
gsa-1ff95884c5cf,Next-generation offloading using hybrid deep learning network for adaptive mobile edge computing,2025,True,9,"[""computing_context"", ""task_resource_context"", ""adaptive_learning_context"", ""strong_computing_context"", ""network_context""]",,https://www.academia.edu/download/121323757/59_36313_IJECE_14_Fa.pdf,"[""https://www.academia.edu/download/121323757/59_36313_IJECE_14_Fa.pdf""]",[],,,{},"[""www.academia.edu""]",1,1,2025-02-28T07:12:46,2025-02-28T07:12:46
gsa-2c65e47372f8,Federated Learning for Trust Enhancement in UAV-Enabled IoT Networks: A Unified Approach,2025,True,5,"[""computing_context"", ""adaptive_learning_context"", ""network_context""]",,https://ieeexplore.ieee.org/abstract/document/10887177/,[],"[""https://ieeexplore.ieee.org/abstract/document/10887177/""]",,,"{""ieee_document_id"": [""10887177""]}","[""IEEE Xplore""]",1,1,2025-02-28T07:12:46,2025-02-28T07:12:46
gsa-ee966002608f,Task Offloading in Edge Computing Considering the Dynamics of Tasks and Networks Based on Grey Numbers,2025,True,8,"[""computing_context"", ""task_resource_context"", ""strong_computing_context"", ""network_context""]",,https://ieeexplore.ieee.org/abstract/document/10876557/,[],"[""https://ieeexplore.ieee.org/abstract/document/10876557/""]",,,"{""ieee_document_id"": [""10876557""]}","[""IEEE Xplore""]",1,1,2025-02-26T01:52:57,2025-02-26T01:52:57
gsa-8bd69757ffb4,Security Offloading Scheduling and Caching Optimization Algorithm in UAV Edge Computing,2025,True,8,"[""computing_context"", ""task_resource_context"", ""strong_computing_context"", ""network_context""]",,https://ieeexplore.ieee.org/abstract/document/10897974/,[],"[""https://ieeexplore.ieee.org/abstract/document/10897974/""]",,,"{""ieee_document_id"": [""10897974""]}","[""IEEE Xplore""]",1,1,2025-02-26T01:52:57,2025-02-26T01:52:57
gsa-e483d9ee0414,MOALF-UAV-MEC: Adaptive Multi-Objective Optimization for UAV-Assisted Mobile Edge Computing in Dynamic IoT Environments,2025,True,9,"[""computing_context"", ""task_resource_context"", ""adaptive_learning_context"", ""strong_computing_context"", ""network_context""]",,https://ieeexplore.ieee.org/abstract/document/10899856/,[],"[""https://ieeexplore.ieee.org/abstract/document/10899856/""]",,,"{""ieee_document_id"": [""10899856""]}","[""IEEE Xplore""]",1,1,2025-02-26T01:52:57,2025-02-26T01:52:57
gsa-0dde42af69a5,Analysis of the Structure and Properties of Welded Joints Made from Aluminum Alloys by Electron Beam Welding (EBW) and Friction Stir Welding (FSW),2025,False,0,[],missing clear distributed/edge/cloud computing context,https://www.mdpi.com/2073-4352/15/3/208,[],"[""https://www.mdpi.com/2073-4352/15/3/208""]",,,"{""mdpi_path"": [""2073-4352/15/3/208""]}","[""MDPI""]",1,1,2025-02-26T01:52:57,2025-02-26T01:52:57
gsa-8a503c8f76fa,P2PPO: parallel residual network and prioritized experience replay enhanced PPO for task offloading and resource allocation in SatEC,2025,True,6,"[""computing_context"", ""task_resource_context"", ""network_context""]",,https://link.springer.com/article/10.1007/s11227-024-06900-5,[],"[""https://link.springer.com/article/10.1007/s11227-024-06900-5""]",10.1007/s11227-024-06900-5,,"{""doi"": [""10.1007/s11227-024-06900-5""]}","[""Springer""]",1,1,2025-02-25T00:47:35,2025-02-25T00:47:35
gsa-1aa837269c01,Optimized Task Offloading in Multi-Domain IoT Networks Using Distributed Deep Reinforcement Learning in Edge Computing Environments,2025,True,9,"[""computing_context"", ""task_resource_context"", ""adaptive_learning_context"", ""strong_computing_context"", ""network_context""]",,https://ieeexplore.ieee.org/iel8/6287639/6514899/10857273.pdf,"[""https://ieeexplore.ieee.org/iel8/6287639/6514899/10857273.pdf""]",[],,,"{""ieee_document_id"": [""10857273""]}","[""IEEE Xplore""]",1,1,2025-02-25T00:47:35,2025-02-25T00:47:35
gsa-bffde7a57d68,Multi-Objective Workflow Scheduling in Cloud Using Archimedes Optimization Algorithm,2025,True,5,"[""computing_context"", ""task_resource_context""]",,https://onlinelibrary.wiley.com/doi/abs/10.1002/cpe.8393,[],"[""https://onlinelibrary.wiley.com/doi/abs/10.1002/cpe.8393""]",10.1002/cpe.8393,,"{""doi"": [""10.1002/cpe.8393""]}","[""Wiley""]",1,1,2025-02-25T00:47:35,2025-02-25T00:47:35
gsa-1e1a11e7509b,"Joint Pricing, Server Orchestration and Network Slice Deployment in Mobile Edge Computing Networks",2025,True,8,"[""computing_context"", ""task_resource_context"", ""strong_computing_context"", ""network_context""]",,https://www.mdpi.com/2079-9292/14/5/841,[],"[""https://www.mdpi.com/2079-9292/14/5/841""]",,,"{""mdpi_path"": [""2079-9292/14/5/841""]}","[""MDPI""]",1,1,2025-02-25T00:47:35,2025-02-25T00:47:35
gsa-528412fcce8f,Grid-Assisted Federated Learning in Vehicular Crowdsensing: A Mobility-Aware and Probabilistic Vehicle Selection Approach,2025,True,5,"[""computing_context"", ""adaptive_learning_context"", ""network_context""]",,https://ieeexplore.ieee.org/abstract/document/10896688/,[],"[""https://ieeexplore.ieee.org/abstract/document/10896688/""]",,,"{""ieee_document_id"": [""10896688""]}","[""IEEE Xplore""]",1,1,2025-02-25T00:47:35,2025-02-25T00:47:35
gsa-06618dd1a034,An Optimizing Geo-Distributed Edge Layering with Double Deep Q-Networks for Predictive Mobility-Aware Offloading in Mobile Edge Computing,2025,True,8,"[""computing_context"", ""task_resource_context"", ""strong_computing_context"", ""network_context""]",,https://www.sciencedirect.com/science/article/pii/S1570870525000526,[],"[""https://www.sciencedirect.com/science/article/pii/S1570870525000526""]",,,"{""sciencedirect_pii"": [""S1570870525000526""]}","[""ScienceDirect""]",1,1,2025-02-25T00:47:35,2025-02-25T00:47:35
gsa-e6522c5fe0cc,Truthful Mechanism for Resource Allocation and Pricing in Vehicle-Assisted Mobile Edge Computing,2025,True,8,"[""computing_context"", ""task_resource_context"", ""strong_computing_context"", ""network_context""]",,https://ieeexplore.ieee.org/abstract/document/10892012/,[],"[""https://ieeexplore.ieee.org/abstract/document/10892012/""]",,,"{""ieee_document_id"": [""10892012""]}","[""IEEE Xplore""]",1,1,2025-02-23T10:14:44,2025-02-23T10:14:44
gsa-6c7a48b56248,Task Offloading in Vehicular Edge Computing using Deep Reinforcement Learning: A Survey,2025,True,9,"[""computing_context"", ""task_resource_context"", ""adaptive_learning_context"", ""strong_computing_context"", ""network_context""]",,https://arxiv.org/pdf/2502.06963,"[""https://arxiv.org/pdf/2502.06963""]",[],,2502.06963,"{""arxiv_id"": [""2502.06963""]}","[""arXiv""]",1,1,2025-02-23T10:14:44,2025-02-23T10:14:44
gsa-90700adf9bc6,Research on Efficient Data Processing Method for Fog Computing Based on Blockchain and Federated Learning,2025,True,6,"[""computing_context"", ""adaptive_learning_context"", ""strong_computing_context""]",,https://www.sciencedirect.com/science/article/pii/S0925231225002012,[],"[""https://www.sciencedirect.com/science/article/pii/S0925231225002012""]",,,"{""sciencedirect_pii"": [""S0925231225002012""]}","[""ScienceDirect""]",1,1,2025-02-23T10:14:44,2025-02-23T10:14:44
gsa-96470692e64f,Energy-Aware Task Offloading for Rotatable STAR-RIS-Enhanced Mobile Edge Computing Systems,2025,True,8,"[""computing_context"", ""task_resource_context"", ""strong_computing_context"", ""network_context""]",,https://ieeexplore.ieee.org/abstract/document/10891163/,[],"[""https://ieeexplore.ieee.org/abstract/document/10891163/""]",,,"{""ieee_document_id"": [""10891163""]}","[""IEEE Xplore""]",1,1,2025-02-23T10:14:44,2025-02-23T10:14:44
gsa-0ea6c665fe2f,Efficient Task Offloading in Double Roadside RIS-assisted Vehicular Edge Computing Networks Using Deep Reinforcement Learning,2025,True,9,"[""computing_context"", ""task_resource_context"", ""adaptive_learning_context"", ""strong_computing_context"", ""network_context""]",,https://ieeexplore.ieee.org/abstract/document/10892026/,[],"[""https://ieeexplore.ieee.org/abstract/document/10892026/""]",,,"{""ieee_document_id"": [""10892026""]}","[""IEEE Xplore""]",1,1,2025-02-23T10:14:44,2025-02-23T10:14:44
gsa-d787f1627932,BRAVE: Benefit-aware data offloading in UAV edge computing using multi-agent reinforcement learning,2025,True,9,"[""computing_context"", ""task_resource_context"", ""adaptive_learning_context"", ""strong_computing_context"", ""network_context""]",,https://www.sciencedirect.com/science/article/pii/S1569190X25000267,[],"[""https://www.sciencedirect.com/science/article/pii/S1569190X25000267""]",,,"{""sciencedirect_pii"": [""S1569190X25000267""]}","[""ScienceDirect""]",1,1,2025-02-23T10:14:44,2025-02-23T10:14:44
gsa-a2c1802fb0eb,A Learning-Based Stochastic Game for Energy Efficient Optimization of UAV Trajectory and Task Offloading in Space/Aerial Edge Computing,2025,True,9,"[""computing_context"", ""task_resource_context"", ""adaptive_learning_context"", ""strong_computing_context"", ""network_context""]",,https://ieeexplore.ieee.org/abstract/document/10891825/,[],"[""https://ieeexplore.ieee.org/abstract/document/10891825/""]",,,"{""ieee_document_id"": [""10891825""]}","[""IEEE Xplore""]",1,1,2025-02-23T10:14:44,2025-02-23T10:14:44
gsa-c4bcacb35fee,UAV-assisted computing offloading and resource allocation based on Stackelberg game in vehicular edge computing,2025,True,8,"[""computing_context"", ""task_resource_context"", ""strong_computing_context"", ""network_context""]",,https://www.inderscienceonline.com/doi/abs/10.1504/IJVICS.2025.144090,[],"[""https://www.inderscienceonline.com/doi/abs/10.1504/IJVICS.2025.144090""]",10.1504/IJVICS.2025.144090,,"{""doi"": [""10.1504/IJVICS.2025.144090""]}","[""www.inderscienceonline.com""]",1,1,2025-02-22T09:52:00,2025-02-22T09:52:00
gsa-23f1226e5268,Serving Long-Context LLMs at the Mobile Edge: Test-Time Reinforcement Learning-based Model Caching and Inference Offloading,2025,True,6,"[""computing_context"", ""task_resource_context"", ""adaptive_learning_context""]",,https://arxiv.org/pdf/2501.14205,"[""https://arxiv.org/pdf/2501.14205""]",[],,2501.14205,"{""arxiv_id"": [""2501.14205""]}","[""arXiv""]",1,1,2025-02-22T09:52:00,2025-02-22T09:52:00
gsa-bb9cdda8b32c,Securing Linux Cloud Environments: Privacy-Aware Federated Learning Framework for Advanced Malware Detection in Linux Clouds,2025,True,4,"[""computing_context"", ""adaptive_learning_context""]",,https://ieeexplore.ieee.org/iel8/6287639/6514899/10879481.pdf,"[""https://ieeexplore.ieee.org/iel8/6287639/6514899/10879481.pdf""]",[],,,"{""ieee_document_id"": [""10879481""]}","[""IEEE Xplore""]",1,1,2025-02-22T09:52:00,2025-02-22T09:52:00
gsa-f6446815df56,Safety-Critical Offloading with Constrained Reinforcement Learning for Multi-access Edge Computing,2025,True,9,"[""computing_context"", ""task_resource_context"", ""adaptive_learning_context"", ""strong_computing_context"", ""network_context""]",,https://dl.acm.org/doi/pdf/10.1145/3715695,"[""https://dl.acm.org/doi/pdf/10.1145/3715695""]",[],10.1145/3715695,,"{""doi"": [""10.1145/3715695""]}","[""ACM Digital Library""]",2,2,2025-02-09T20:34:28,2025-02-22T09:52:00
gsa-1370463c840d,Multi-Agent Reinforcement Learning for Task Offloading in Crowd-Edge Computing,2025,True,8,"[""computing_context"", ""task_resource_context"", ""adaptive_learning_context"", ""strong_computing_context""]",,https://www.computer.org/csdl/journal/tm/5555/01/10848135/23GxVTBhkxa,[],"[""https://www.computer.org/csdl/journal/tm/5555/01/10848135/23GxVTBhkxa"", ""https://ieeexplore.ieee.org/abstract/document/10848135/""]",,,"{""ieee_document_id"": [""10848135""]}","[""IEEE Computer Society"", ""IEEE Xplore""]",4,4,2025-01-25T15:34:07,2025-02-22T09:52:00
gsa-c3d9723f0398,Edge-guided 3D reconstruction from multi-view sketches and RGB images,2025,False,3,"[""computing_context""]",missing clear distributed/edge/cloud computing context,https://www.sciencedirect.com/science/article/pii/S0031320325001220,[],"[""https://www.sciencedirect.com/science/article/pii/S0031320325001220""]",,,"{""sciencedirect_pii"": [""S0031320325001220""]}","[""ScienceDirect""]",1,1,2025-02-22T09:52:00,2025-02-22T09:52:00
gsa-b9e4ffe455bd,A Resource Allocation Strategy in Internet of Vehicles Based on Multi-Task Federated Learning and Incentive Mechanism,2025,True,6,"[""computing_context"", ""task_resource_context"", ""adaptive_learning_context""]",,https://ieeexplore.ieee.org/abstract/document/10858593/,[],"[""https://ieeexplore.ieee.org/abstract/document/10858593/""]",,,"{""ieee_document_id"": [""10858593""]}","[""IEEE Xplore""]",1,1,2025-02-22T09:52:00,2025-02-22T09:52:00
gsa-0e2901e6ca45,Truthful Online Combinatorial Auction-based Mechanisms for Task Offloading in Mobile Edge Computing,2025,True,7,"[""computing_context"", ""task_resource_context"", ""strong_computing_context""]",,https://ieeexplore.ieee.org/abstract/document/10887300/,[],"[""https://ieeexplore.ieee.org/abstract/document/10887300/""]",,,"{""ieee_document_id"": [""10887300""]}","[""IEEE Xplore""]",1,1,2025-02-17T15:47:04,2025-02-17T15:47:04
gsa-e59f22f0aa30,Task Offloading and Resource Allocation Based on Reinforcement Learning and Load Balancing in Vehicular Networking,2025,True,7,"[""computing_context"", ""task_resource_context"", ""adaptive_learning_context"", ""network_context""]",,https://ieeexplore.ieee.org/abstract/document/10887320/,[],"[""https://ieeexplore.ieee.org/abstract/document/10887320/""]",,,"{""ieee_document_id"": [""10887320""]}","[""IEEE Xplore""]",1,1,2025-02-17T15:47:04,2025-02-17T15:47:04
gsa-6270272da490,UAV-Assisted MEC Architecture for Collaborative Task Offloading in Urban IoT Environment,2025,True,8,"[""computing_context"", ""task_resource_context"", ""strong_computing_context"", ""network_context""]",,https://arxiv.org/pdf/2501.15164,"[""https://arxiv.org/pdf/2501.15164""]",[],,2501.15164,"{""arxiv_id"": [""2501.15164""]}","[""arXiv""]",3,3,2025-02-03T17:15:22,2025-02-16T21:12:03
gsa-92b3546d7bf4,Federated learning with bilateral defense via blockchain,2025,True,5,"[""computing_context"", ""adaptive_learning_context"", ""network_context""]",,https://www.sciencedirect.com/science/article/pii/S0893608025000784,[],"[""https://www.sciencedirect.com/science/article/pii/S0893608025000784""]",,,"{""sciencedirect_pii"": [""S0893608025000784""]}","[""ScienceDirect""]",1,1,2025-02-16T21:12:03,2025-02-16T21:12:03
gsa-e4a5bb11382d,Delay-and Energy-Efficient Task Offloading in Cell Free Massive MIMO-enabled Vehicular Fog Computing,2025,True,8,"[""computing_context"", ""task_resource_context"", ""strong_computing_context"", ""network_context""]",,https://ieeexplore.ieee.org/abstract/document/10877722/,[],"[""https://ieeexplore.ieee.org/abstract/document/10877722/""]",,,"{""ieee_document_id"": [""10877722""]}","[""IEEE Xplore""]",2,2,2025-02-13T23:14:05,2025-02-15T22:55:22
gsa-d1eed6f7dbd6,An online joint optimization approach for task offloading and caching in multi-access edge computing,2025,True,8,"[""computing_context"", ""task_resource_context"", ""strong_computing_context"", ""network_context""]",,https://link.springer.com/article/10.1007/s11276-025-03900-y,[],"[""https://link.springer.com/article/10.1007/s11276-025-03900-y""]",10.1007/s11276-025-03900-y,,"{""doi"": [""10.1007/s11276-025-03900-y""]}","[""Springer""]",1,1,2025-02-15T22:55:22,2025-02-15T22:55:22
gsa-fe4baa4c6b33,A deep learning-based strategy for energy-efficient parallel computation offloading in mobile edge networks,2025,True,9,"[""computing_context"", ""task_resource_context"", ""adaptive_learning_context"", ""strong_computing_context"", ""network_context""]",,https://www.sciencedirect.com/science/article/pii/S1570870525000356,[],"[""https://www.sciencedirect.com/science/article/pii/S1570870525000356""]",,,"{""sciencedirect_pii"": [""S1570870525000356""]}","[""ScienceDirect""]",1,1,2025-02-15T22:55:22,2025-02-15T22:55:22
gsa-7c80fdd21267,UAV-assisted Joint Mobile Edge Computing and Data Collection via Matching-enabled Deep Reinforcement Learning,2025,True,7,"[""computing_context"", ""adaptive_learning_context"", ""strong_computing_context"", ""network_context""]",,https://arxiv.org/pdf/2502.07388,"[""https://arxiv.org/pdf/2502.07388""]",[],,2502.07388,"{""arxiv_id"": [""2502.07388""]}","[""arXiv""]",1,1,2025-02-14T22:44:07,2025-02-14T22:44:07
gsa-76729a3de397,Energy-efficient task offloading and efficient resource allocation for edge computing: a quantum inspired particle swarm optimization approach,2025,True,8,"[""computing_context"", ""task_resource_context"", ""adaptive_learning_context"", ""strong_computing_context""]",,https://link.springer.com/article/10.1007/s10586-024-04833-5,[],"[""https://link.springer.com/article/10.1007/s10586-024-04833-5""]",10.1007/s10586-024-04833-5,,"{""doi"": [""10.1007/s10586-024-04833-5""]}","[""Springer""]",2,2,2025-01-24T07:24:41,2025-02-14T22:44:07
gsa-a14960651558,VFL-Cafe: Communication-Efficient Vertical Federated Learning via Dynamic Caching and Feature Selection,2025,True,6,"[""computing_context"", ""task_resource_context"", ""adaptive_learning_context""]",,https://www.mdpi.com/1099-4300/27/1/66,[],"[""https://www.mdpi.com/1099-4300/27/1/66""]",,,"{""mdpi_path"": [""1099-4300/27/1/66""]}","[""MDPI""]",2,2,2025-01-19T04:06:24,2025-02-13T23:14:05
gsa-6fcf6a62d69a,Federated deep reinforcement learning-based cost-efficient proactive video caching in energy-constrained mobile edge networks,2025,True,9,"[""computing_context"", ""task_resource_context"", ""adaptive_learning_context"", ""strong_computing_context"", ""network_context""]",,https://www.sciencedirect.com/science/article/pii/S1389128625000301,[],"[""https://www.sciencedirect.com/science/article/pii/S1389128625000301""]",,,"{""sciencedirect_pii"": [""S1389128625000301""]}","[""ScienceDirect""]",2,2,2025-02-08T22:18:30,2025-02-11T21:55:57
gsa-25526e50709b,Robust Task Offloading and Resource Allocation Under Imperfect Computing Capacity Information in Edge Intelligence Systems,2025,True,5,"[""computing_context"", ""task_resource_context""]",,https://ieeexplore.ieee.org/abstract/document/10876797/,[],"[""https://ieeexplore.ieee.org/abstract/document/10876797/""]",,,"{""ieee_document_id"": [""10876797""]}","[""IEEE Xplore""]",1,1,2025-02-10T16:41:36,2025-02-10T16:41:36
gsa-72626d7fce41,A smart grid computational offloading policy generation method for end-edge-cloud environments,2025,True,7,"[""computing_context"", ""task_resource_context"", ""strong_computing_context""]",,https://link.springer.com/article/10.1007/s40860-025-00243-5,[],"[""https://link.springer.com/article/10.1007/s40860-025-00243-5""]",10.1007/s40860-025-00243-5,,"{""doi"": [""10.1007/s40860-025-00243-5""]}","[""Springer""]",1,1,2025-02-10T16:41:36,2025-02-10T16:41:36
gsa-ba3a7f453e38,Privacy-Aware Edge Computation Offloading With Federated Learning in Healthcare Consumer Electronics System,2025,True,6,"[""computing_context"", ""task_resource_context"", ""adaptive_learning_context""]",,https://ieeexplore.ieee.org/abstract/document/10856209/,[],"[""https://ieeexplore.ieee.org/abstract/document/10856209/""]",,,"{""ieee_document_id"": [""10856209""]}","[""IEEE Xplore""]",2,2,2025-02-01T17:47:52,2025-02-09T20:34:28
gsa-601399b3fda4,Mx-TORU: Location-aware multi-hop task offloading and resource optimization protocol for connected vehicle networks,2025,True,6,"[""computing_context"", ""task_resource_context"", ""network_context""]",,https://www.sciencedirect.com/science/article/pii/S1389128625000623,[],"[""https://www.sciencedirect.com/science/article/pii/S1389128625000623""]",,,"{""sciencedirect_pii"": [""S1389128625000623""]}","[""ScienceDirect""]",1,1,2025-02-09T20:34:28,2025-02-09T20:34:28
gsa-013c6828734c,Heterogeneous multi-agent deep reinforcement learning based low carbon emission task offloading in mobile edge computing,2025,True,8,"[""computing_context"", ""task_resource_context"", ""adaptive_learning_context"", ""strong_computing_context""]",,https://www.sciencedirect.com/science/article/pii/S0140366425000465,[],"[""https://www.sciencedirect.com/science/article/pii/S0140366425000465""]",,,"{""sciencedirect_pii"": [""S0140366425000465""]}","[""ScienceDirect""]",1,1,2025-02-09T20:34:28,2025-02-09T20:34:28
gsa-91c64cfbbb72,A Flawless QoS Aware Task Offloading in IoT Driven Edge Computing System using Chebyshev Based Sand Cat Swarm Optimization,2025,True,9,"[""computing_context"", ""task_resource_context"", ""adaptive_learning_context"", ""strong_computing_context"", ""network_context""]",,https://link.springer.com/article/10.1007/s10723-024-09791-1,[],"[""https://link.springer.com/article/10.1007/s10723-024-09791-1""]",10.1007/s10723-024-09791-1,,"{""doi"": [""10.1007/s10723-024-09791-1""]}","[""Springer""]",1,1,2025-02-09T20:34:28,2025-02-09T20:34:28
gsa-72c73ef42f3e,Task offloading and multi-cache placement in multi-access mobile edge computing,2025,True,8,"[""computing_context"", ""task_resource_context"", ""strong_computing_context"", ""network_context""]",,https://www.sciencedirect.com/science/article/pii/S1389128624008624,[],"[""https://www.sciencedirect.com/science/article/pii/S1389128624008624""]",,,"{""sciencedirect_pii"": [""S1389128624008624""]}","[""ScienceDirect""]",2,2,2025-01-17T05:37:25,2025-02-08T22:18:30
gsa-e0e8c598abae,New fuzzy zeroing neural network with noise suppression capability for time-varying linear equation solving,2025,True,5,"[""computing_context"", ""adaptive_learning_context"", ""network_context""]",,https://link.springer.com/article/10.1007/s10462-024-11026-4,[],"[""https://link.springer.com/article/10.1007/s10462-024-11026-4""]",10.1007/s10462-024-11026-4,,"{""doi"": [""10.1007/s10462-024-11026-4""]}","[""Springer""]",1,1,2025-02-08T22:18:30,2025-02-08T22:18:30
gsa-3f90d1df5519,Modeling and analysis of LoRa-enabled task offloading in edge computing for enhanced battery life in wearable devices,2025,True,7,"[""computing_context"", ""task_resource_context"", ""strong_computing_context""]",,https://link.springer.com/article/10.1007/s10586-024-04925-2,[],"[""https://link.springer.com/article/10.1007/s10586-024-04925-2""]",10.1007/s10586-024-04925-2,,"{""doi"": [""10.1007/s10586-024-04925-2""]}","[""Springer""]",2,2,2025-01-27T15:26:25,2025-02-08T22:18:30
gsa-a56c5574b72d,Fog-driven communication-efficient and privacy-preserving federated learning based on compressed sensing,2025,True,5,"[""computing_context"", ""adaptive_learning_context"", ""network_context""]",,https://www.sciencedirect.com/science/article/pii/S1389128625000118,[],"[""https://www.sciencedirect.com/science/article/pii/S1389128625000118""]",,,"{""sciencedirect_pii"": [""S1389128625000118""]}","[""ScienceDirect""]",2,2,2025-01-16T06:42:04,2025-02-08T22:18:30
gsa-0f13f5b53e0e,"Energy-Efficient UAV-Assisted Federated Learning: Trajectory Optimization, Device Scheduling, and Resource Management",2025,True,7,"[""computing_context"", ""task_resource_context"", ""adaptive_learning_context"", ""network_context""]",,https://ieeexplore.ieee.org/abstract/document/10855825/,[],"[""https://ieeexplore.ieee.org/abstract/document/10855825/""]",,,"{""ieee_document_id"": [""10855825""]}","[""IEEE Xplore""]",2,2,2025-01-31T19:56:07,2025-02-08T22:18:30
gsa-3505c82b3c6b,Deep Reinforcement Learning for Mobility-Aware Digital Twin Migrations in Edge Computing,2025,True,6,"[""computing_context"", ""adaptive_learning_context"", ""strong_computing_context""]",,https://ieeexplore.ieee.org/abstract/document/10836864/,[],"[""https://ieeexplore.ieee.org/abstract/document/10836864/""]",,,"{""ieee_document_id"": [""10836864""]}","[""IEEE Xplore""]",1,1,2025-02-08T22:18:30,2025-02-08T22:18:30
gsa-7ac742b45df5,Collaborative Sensing-Aware Task Offloading and Resource Allocation for Integrated Sensing-Communication-and Computation-Enabled Internet of Vehicles (IoV),2025,True,8,"[""computing_context"", ""task_resource_context"", ""strong_computing_context"", ""network_context""]",,https://www.mdpi.com/1424-8220/25/3/723,[],"[""https://www.mdpi.com/1424-8220/25/3/723""]",,,"{""mdpi_path"": [""1424-8220/25/3/723""]}","[""MDPI""]",2,2,2025-02-03T17:15:22,2025-02-08T22:18:30
gsa-c974ff8ff88c,Joint computation offloading and resource allocation in multi-cell MEC networks,2025,True,8,"[""computing_context"", ""task_resource_context"", ""strong_computing_context"", ""network_context""]",,https://link.springer.com/article/10.1007/s11227-025-06921-8,[],"[""https://link.springer.com/article/10.1007/s11227-025-06921-8""]",10.1007/s11227-025-06921-8,,"{""doi"": [""10.1007/s11227-025-06921-8""]}","[""Springer""]",1,1,2025-02-07T21:37:28,2025-02-07T21:37:28
gsa-c2102c76fd01,Intelligent deep federated learning model for enhancing security in internet of things enabled edge computing environment,2025,True,7,"[""computing_context"", ""adaptive_learning_context"", ""strong_computing_context"", ""network_context""]",,https://www.nature.com/articles/s41598-025-88163-5,[],"[""https://www.nature.com/articles/s41598-025-88163-5""]",10.1038/s41598-025-88163-5,,"{""doi"": [""10.1038/s41598-025-88163-5""]}","[""Nature""]",1,1,2025-02-07T21:37:28,2025-02-07T21:37:28
gsa-cda8a79f6a6c,ESDN: edge computing task scheduling strategy based on dilated convolutional neural network and quasi-newton algorithm,2025,True,8,"[""computing_context"", ""task_resource_context"", ""strong_computing_context"", ""network_context""]",,https://link.springer.com/article/10.1007/s10586-024-04789-6,[],"[""https://link.springer.com/article/10.1007/s10586-024-04789-6""]",10.1007/s10586-024-04789-6,,"{""doi"": [""10.1007/s10586-024-04789-6""]}","[""Springer""]",1,1,2025-02-07T21:37:28,2025-02-07T21:37:28
gsa-7ab9bd06e76c,Efficient Task Scheduling and Computational Offloading Optimization with Federated Learning and Blockchain in Mobile Cloud Computing,2025,True,8,"[""computing_context"", ""task_resource_context"", ""adaptive_learning_context"", ""strong_computing_context""]",,https://www.sciencedirect.com/science/article/pii/S2666720725000104,[],"[""https://www.sciencedirect.com/science/article/pii/S2666720725000104""]",,,"{""sciencedirect_pii"": [""S2666720725000104""]}","[""ScienceDirect""]",1,1,2025-02-03T17:15:22,2025-02-03T17:15:22
gsa-82e425a7c942,DRL-based latency-energy offloading optimization strategy in wireless VR networks with edge computing,2025,True,8,"[""computing_context"", ""task_resource_context"", ""strong_computing_context"", ""network_context""]",,https://www.sciencedirect.com/science/article/pii/S1389128625000027,[],"[""https://www.sciencedirect.com/science/article/pii/S1389128625000027""]",,,"{""sciencedirect_pii"": [""S1389128625000027""]}","[""ScienceDirect""]",1,1,2025-02-03T17:15:22,2025-02-03T17:15:22
gsa-a38e86814b23,A Novel Zeroing Neural Network for the Effective Solution of Supply Chain Inventory Balance Problems,2025,False,4,"[""computing_context"", ""network_context""]",missing clear distributed/edge/cloud computing context,https://www.mdpi.com/2079-3197/13/2/32,[],"[""https://www.mdpi.com/2079-3197/13/2/32""]",,,"{""mdpi_path"": [""2079-3197/13/2/32""]}","[""MDPI""]",1,1,2025-02-03T17:15:22,2025-02-03T17:15:22
gsa-7ed39ab6a484,Dynamic and Distributed Probing for Covert Cognitive Mobile Edge Computing Networks,2025,True,6,"[""computing_context"", ""strong_computing_context"", ""network_context""]",,https://ieeexplore.ieee.org/abstract/document/10824687/,[],"[""https://ieeexplore.ieee.org/abstract/document/10824687/""]",,,"{""ieee_document_id"": [""10824687""]}","[""IEEE Xplore""]",2,2,2025-01-07T04:24:53,2025-02-01T17:47:52
gsa-707b8364c9a9,Privacy-preserving and truthful auction-based resource allocation mechanisms for task offloading in mobile edge computing,2025,True,8,"[""computing_context"", ""task_resource_context"", ""strong_computing_context"", ""network_context""]",,https://www.sciencedirect.com/science/article/pii/S1389128625000477,[],"[""https://www.sciencedirect.com/science/article/pii/S1389128625000477""]",,,"{""sciencedirect_pii"": [""S1389128625000477""]}","[""ScienceDirect""]",1,1,2025-01-31T19:56:07,2025-01-31T19:56:07
gsa-fc28cf8c541c,Meta learning-based deep reinforcement learning algorithm for task offloading in dynamic vehicular network,2025,True,7,"[""computing_context"", ""task_resource_context"", ""adaptive_learning_context"", ""network_context""]",,https://www.sciencedirect.com/science/article/pii/S0952197624021250,[],"[""https://www.sciencedirect.com/science/article/pii/S0952197624021250""]",,,"{""sciencedirect_pii"": [""S0952197624021250""]}","[""ScienceDirect""]",2,2,2025-01-19T04:06:24,2025-01-31T19:56:07
gsa-00b9dd71cd69,UAV-assisted mobile edge computing model for cognitive radio-based IoT networks,2025,True,6,"[""computing_context"", ""strong_computing_context"", ""network_context""]",,https://www.sciencedirect.com/science/article/pii/S0140366425000283,[],"[""https://www.sciencedirect.com/science/article/pii/S0140366425000283""]",,,"{""sciencedirect_pii"": [""S0140366425000283""]}","[""ScienceDirect""]",1,1,2025-01-30T17:42:30,2025-01-30T17:42:30
gsa-92526da3dbf8,Cooperative Service Caching and Task Offloading in Mobile Edge Computing: A Novel Hierarchical Reinforcement Learning Approach,2025,True,8,"[""computing_context"", ""task_resource_context"", ""adaptive_learning_context"", ""strong_computing_context""]",,https://www.mdpi.com/2079-9292/14/2/380,[],"[""https://www.mdpi.com/2079-9292/14/2/380""]",,,"{""mdpi_path"": [""2079-9292/14/2/380""]}","[""MDPI""]",2,2,2025-01-23T06:59:53,2025-01-28T19:43:00
gsa-5f746f0c398e,Reinforcement learning based offloading and resource allocation for multi-intelligent vehicles in green edge-cloud computing,2025,True,8,"[""computing_context"", ""task_resource_context"", ""adaptive_learning_context"", ""strong_computing_context""]",,https://www.sciencedirect.com/science/article/pii/S0140366425000088,[],"[""https://www.sciencedirect.com/science/article/pii/S0140366425000088""]",,,"{""sciencedirect_pii"": [""S0140366425000088""]}","[""ScienceDirect""]",1,1,2025-01-27T15:26:25,2025-01-27T15:26:25
gsa-93197ebaac5e,Power Controlled-Resource Allocation and Task Offloading via Optimized Deep Reinforcement Learning in Device-to-Device-assisted Mobile Edge Computing,2025,True,8,"[""computing_context"", ""task_resource_context"", ""adaptive_learning_context"", ""strong_computing_context""]",,https://ieeexplore.ieee.org/iel8/6287639/6514899/10850906.pdf,"[""https://ieeexplore.ieee.org/iel8/6287639/6514899/10850906.pdf""]",[],,,"{""ieee_document_id"": [""10850906""]}","[""IEEE Xplore""]",1,1,2025-01-27T15:26:25,2025-01-27T15:26:25
gsa-08442afdc41a,Optimizing Low Carbon Sustainable Environmental Monitoring With Consumer Technology: An IoT-Driven Federated Learning Approach for Edge Computing Optimization,2025,True,9,"[""computing_context"", ""task_resource_context"", ""adaptive_learning_context"", ""strong_computing_context"", ""network_context""]",,https://ieeexplore.ieee.org/abstract/document/10851339/,[],"[""https://ieeexplore.ieee.org/abstract/document/10851339/""]",,,"{""ieee_document_id"": [""10851339""]}","[""IEEE Xplore""]",1,1,2025-01-27T15:26:25,2025-01-27T15:26:25
gsa-1e1a9470a93e,Multi-Agent Deep Reinforcement Learning-based Partial Offloading and Resource Allocation in Vehicular Edge Computing Networks,2025,True,9,"[""computing_context"", ""task_resource_context"", ""adaptive_learning_context"", ""strong_computing_context"", ""network_context""]",,https://www.sciencedirect.com/science/article/pii/S0140366425000386,[],"[""https://www.sciencedirect.com/science/article/pii/S0140366425000386""]",,,"{""sciencedirect_pii"": [""S0140366425000386""]}","[""ScienceDirect""]",1,1,2025-01-27T15:26:25,2025-01-27T15:26:25
gsa-e066d210945b,Dynamic Caching Dependency-Aware Task Offloading in Mobile Edge Computing,2025,True,7,"[""computing_context"", ""task_resource_context"", ""strong_computing_context""]",,https://ieeexplore.ieee.org/abstract/document/10851920/,[],"[""https://ieeexplore.ieee.org/abstract/document/10851920/""]",,,"{""ieee_document_id"": [""10851920""]}","[""IEEE Xplore""]",1,1,2025-01-27T15:26:25,2025-01-27T15:26:25
gsa-54ab309a40d1,Task Offloading Strategy for UAV-Assisted Mobile Edge Computing with Covert Transmission,2025,True,8,"[""computing_context"", ""task_resource_context"", ""strong_computing_context"", ""network_context""]",,https://www.mdpi.com/2079-9292/14/3/446,[],"[""https://www.mdpi.com/2079-9292/14/3/446""]",,,"{""mdpi_path"": [""2079-9292/14/3/446""]}","[""MDPI""]",1,1,2025-01-26T14:59:35,2025-01-26T14:59:35
gsa-f65c9232e496,Energy Consumption Minimization for NOMA-Assisted Mobile Edge Computing in IoT Network,2025,True,6,"[""computing_context"", ""strong_computing_context"", ""network_context""]",,https://ieeexplore.ieee.org/abstract/document/10839333/,[],"[""https://ieeexplore.ieee.org/abstract/document/10839333/""]",,,"{""ieee_document_id"": [""10839333""]}","[""IEEE Xplore""]",1,1,2025-01-26T14:59:35,2025-01-26T14:59:35
gsa-227c40c13618,Optimization of computational offloading in the mobile edge: a game theoretic approach,2025,True,5,"[""computing_context"", ""task_resource_context""]",,https://link.springer.com/article/10.1007/s10586-024-04886-6,[],"[""https://link.springer.com/article/10.1007/s10586-024-04886-6""]",10.1007/s10586-024-04886-6,,"{""doi"": [""10.1007/s10586-024-04886-6""]}","[""Springer""]",1,1,2025-01-24T07:24:41,2025-01-24T07:24:41
gsa-799f94119033,Intelligent Service Migration for the Internet of Vehicles in Edge Computing: A Mobility-Aware Deep Reinforcement Learning Framework,2025,True,7,"[""computing_context"", ""adaptive_learning_context"", ""strong_computing_context"", ""network_context""]",,https://www.sciencedirect.com/science/article/pii/S1389128624008533,[],"[""https://www.sciencedirect.com/science/article/pii/S1389128624008533""]",,,"{""sciencedirect_pii"": [""S1389128624008533""]}","[""ScienceDirect""]",1,1,2025-01-24T07:24:41,2025-01-24T07:24:41
gsa-96ac09d2b99f,Federated Learning and Blockchain-Enabled Framework for Traffic Rerouting and Task Offloading in the Internet of Vehicles (IoV),2025,True,9,"[""computing_context"", ""task_resource_context"", ""adaptive_learning_context"", ""strong_computing_context"", ""network_context""]",,https://ieeexplore.ieee.org/abstract/document/10847896/,[],"[""https://ieeexplore.ieee.org/abstract/document/10847896/""]",,,"{""ieee_document_id"": [""10847896""]}","[""IEEE Xplore""]",1,1,2025-01-24T07:24:41,2025-01-24T07:24:41
gsa-bcb1e91526fa,Incentivizing task offloading in IoT: A distributed auctions-based DRL approach,2025,True,6,"[""computing_context"", ""task_resource_context"", ""network_context""]",,https://www.sciencedirect.com/science/article/pii/S254266052500006X,[],"[""https://www.sciencedirect.com/science/article/pii/S254266052500006X""]",,,"{""sciencedirect_pii"": [""S254266052500006X""]}","[""ScienceDirect""]",1,1,2025-01-23T06:59:53,2025-01-23T06:59:53
gsa-3bc82c818668,Efficient Vehicle Selection and Resource Allocation for Knowledge Distillation-Based Federated Learning in UAV-Assisted VEC,2025,True,7,"[""computing_context"", ""task_resource_context"", ""adaptive_learning_context"", ""network_context""]",,https://ieeexplore.ieee.org/abstract/document/10844057/,[],"[""https://ieeexplore.ieee.org/abstract/document/10844057/""]",,,"{""ieee_document_id"": [""10844057""]}","[""IEEE Xplore""]",1,1,2025-01-20T04:19:58,2025-01-20T04:19:58
gsa-8e9783ced9ab,Online Collaborative Resource Allocation and Task Offloading for Multi-access Edge Computing,2025,True,7,"[""computing_context"", ""task_resource_context"", ""strong_computing_context""]",,https://arxiv.org/pdf/2501.02952,"[""https://arxiv.org/pdf/2501.02952""]",[],,2501.02952,"{""arxiv_id"": [""2501.02952""]}","[""arXiv""]",1,1,2025-01-19T04:06:24,2025-01-19T04:06:24
gsa-43a126fc0d06,"Split Federated Learning Empowered Vehicular Edge Intelligence: Concept, Adaptive Design, and Future Directions",2025,True,7,"[""computing_context"", ""adaptive_learning_context"", ""strong_computing_context"", ""network_context""]",,https://ieeexplore.ieee.org/abstract/document/10839234/,[],"[""https://ieeexplore.ieee.org/abstract/document/10839234/""]",,,"{""ieee_document_id"": [""10839234""]}","[""IEEE Xplore""]",1,1,2025-01-17T05:37:25,2025-01-17T05:37:25
gsa-a0eb00d18b34,Intelligent Task Offloading and Resource Allocation in Knowledge Defined Edge Computing Networks,2025,True,8,"[""computing_context"", ""task_resource_context"", ""strong_computing_context"", ""network_context""]",,https://ieeexplore.ieee.org/abstract/document/10817497/,[],"[""https://ieeexplore.ieee.org/abstract/document/10817497/""]",,,"{""ieee_document_id"": [""10817497""]}","[""IEEE Xplore""]",1,1,2025-01-17T05:37:25,2025-01-17T05:37:25
gsa-7d159e610d20,A UAV-assisted dynamic offloading based on maximum clique algorithm with weighted graphs in mobile edge computing,2025,True,8,"[""computing_context"", ""task_resource_context"", ""strong_computing_context"", ""network_context""]",,https://www.sciencedirect.com/science/article/pii/S1389128624008600,[],"[""https://www.sciencedirect.com/science/article/pii/S1389128624008600""]",,,"{""sciencedirect_pii"": [""S1389128624008600""]}","[""ScienceDirect""]",1,1,2025-01-17T05:37:25,2025-01-17T05:37:25
gsa-e00eef63ac26,Joint Task Offloading and Resource Allocation in Mobile Edge Computing-Enabled Medical Vehicular Networks,2025,True,8,"[""computing_context"", ""task_resource_context"", ""strong_computing_context"", ""network_context""]",,https://www.mdpi.com/2227-7390/13/1/52,[],"[""https://www.mdpi.com/2227-7390/13/1/52""]",,,"{""mdpi_path"": [""2227-7390/13/1/52""]}","[""MDPI""]",1,1,2025-01-16T06:42:04,2025-01-16T06:42:04
gsa-33beaed86cc5,A Blockchain-Assisted Federated Learning Framework for Secure and Self-Optimizing Digital Twins in Industrial IoT,2025,True,7,"[""computing_context"", ""task_resource_context"", ""adaptive_learning_context"", ""network_context""]",,https://www.mdpi.com/1999-5903/17/1/13,[],"[""https://www.mdpi.com/1999-5903/17/1/13""]",,,"{""mdpi_path"": [""1999-5903/17/1/13""]}","[""MDPI""]",1,1,2025-01-16T06:42:04,2025-01-16T06:42:04
gsa-15e4a90b6fff,Исследование параметров забойных блоков при выемке наклонных угольных пластов обратными гидролопатами верхним черпанием,2025,False,-3,"[""off_topic_energy_carbon""]",energy/carbon/hydrogen topic without distributed-computing context,https://www.ugolinfo.ru/artpdf/RU2411S134.pdf,"[""https://www.ugolinfo.ru/artpdf/RU2411S134.pdf""]",[],,,{},"[""www.ugolinfo.ru""]",2,2,2024-12-31T02:39:56,2025-01-13T04:04:25
gsa-a84d2e436327,Влияние горнотехнических факторов на объем забойного блока при работе обратных гидролопат,2025,False,-3,"[""off_topic_energy_carbon""]",energy/carbon/hydrogen topic without distributed-computing context,https://www.ugolinfo.ru/artpdf/RU2411S129.pdf,"[""https://www.ugolinfo.ru/artpdf/RU2411S129.pdf""]",[],,,{},"[""www.ugolinfo.ru""]",1,1,2025-01-13T04:04:25,2025-01-13T04:04:25
gsa-84a4d0201b41,Адаптация параметров забойных блоков при выемке наклонных угольных пластов к применяемому транспортному оборудованию,2025,False,-3,"[""off_topic_energy_carbon""]",energy/carbon/hydrogen topic without distributed-computing context,https://www.ugolinfo.ru/artpdf/RU2411S140.pdf,"[""https://www.ugolinfo.ru/artpdf/RU2411S140.pdf""]",[],,,{},"[""www.ugolinfo.ru""]",1,1,2025-01-13T04:04:25,2025-01-13T04:04:25
gsa-ba85b7bb3821,АНАЛИЗ ОПЫТА ПРИМЕНЕНИЯ КОМБАЙНОВ ПОСЛОЙНОГО ФРЕЗЕРОВАНИЯ ПРИ ОТКРЫТОЙ РАЗРАБОТКЕ МЕСТОРОЖДЕНИЙ ЦЕМЕНТНОГО СЫРЬЯ,2025,False,0,[],missing clear distributed/edge/cloud computing context,https://giab-online.ru/files/Data/2025/1/1-2025-128-140.pdf,"[""https://giab-online.ru/files/Data/2025/1/1-2025-128-140.pdf""]",[],,,{},"[""giab-online.ru""]",1,1,2025-01-13T04:04:25,2025-01-13T04:04:25
gsa-a3a29b7e0ebd,Mining informational and analytical bulletin (scientific and technical journal),2025,False,0,[],missing clear distributed/edge/cloud computing context,https://giab-online.ru/en/catalog/vybor-parametrov-dezintegratora-dlya-ekologicheski-korrektnogo-v,[],"[""https://giab-online.ru/en/catalog/vybor-parametrov-dezintegratora-dlya-ekologicheski-korrektnogo-v""]",,,{},"[""giab-online.ru""]",1,1,2025-01-13T04:04:25,2025-01-13T04:04:25
gsa-25e87d2020e6,FedShufde: A privacy preserving framework of federated learning for edge-based smart UAV delivery system,2025,True,5,"[""computing_context"", ""adaptive_learning_context"", ""network_context""]",,https://www.sciencedirect.com/science/article/pii/S0167739X25000019,[],"[""https://www.sciencedirect.com/science/article/pii/S0167739X25000019""]",,,"{""sciencedirect_pii"": [""S0167739X25000019""]}","[""ScienceDirect""]",1,1,2025-01-13T04:04:25,2025-01-13T04:04:25
gsa-36fae60d7a06,Multi-task Oriented Efficient Computational Offloading Orchestrator for IoT Applications in Mobile Edge Computing,2025,True,8,"[""computing_context"", ""task_resource_context"", ""strong_computing_context"", ""network_context""]",,https://ieeexplore.ieee.org/abstract/document/10833737/,[],"[""https://ieeexplore.ieee.org/abstract/document/10833737/""]",,,"{""ieee_document_id"": [""10833737""]}","[""IEEE Xplore""]",1,1,2025-01-12T02:08:49,2025-01-12T02:08:49
gsa-5b4a88455d00,Multi-Agent Deep Reinforcement Learning for Decentralized Multi-UAV Mobile Edge Computing Networks,2025,True,7,"[""computing_context"", ""adaptive_learning_context"", ""strong_computing_context"", ""network_context""]",,https://ieeexplore.ieee.org/abstract/document/10833662/,[],"[""https://ieeexplore.ieee.org/abstract/document/10833662/""]",,,"{""ieee_document_id"": [""10833662""]}","[""IEEE Xplore""]",1,1,2025-01-12T02:08:49,2025-01-12T02:08:49
gsa-c6e9d87db5e0,Deep Reinforcement Learning for Task Offloading and Resource Allocation in UAV Cluster-Assisted Mobile Edge Computing,2025,True,9,"[""computing_context"", ""task_resource_context"", ""adaptive_learning_context"", ""strong_computing_context"", ""network_context""]",,https://ieeexplore.ieee.org/abstract/document/10804106/,[],"[""https://ieeexplore.ieee.org/abstract/document/10804106/""]",,,"{""ieee_document_id"": [""10804106""]}","[""IEEE Xplore""]",2,2,2024-12-21T06:03:30,2025-01-12T02:08:49
gsa-b79d7debef21,Joint trajectory design and resource allocation for UAV-assisted mobile edge computing in power convergence network,2025,True,8,"[""computing_context"", ""task_resource_context"", ""strong_computing_context"", ""network_context""]",,https://link.springer.com/article/10.1186/s13638-024-02426-9,[],"[""https://link.springer.com/article/10.1186/s13638-024-02426-9""]",10.1186/s13638-024-02426-9,,"{""doi"": [""10.1186/s13638-024-02426-9""]}","[""Springer""]",1,1,2025-01-10T05:57:34,2025-01-10T05:57:34
gsa-876ffc279426,Deep Reinforcement Learning-based Resource Management for Task Offloading in Integrated Terrestrial and Non-Terrestrial Networks,2025,True,7,"[""computing_context"", ""task_resource_context"", ""adaptive_learning_context"", ""network_context""]",,https://ieeexplore.ieee.org/abstract/document/10812011/,[],"[""https://ieeexplore.ieee.org/abstract/document/10812011/""]",,,"{""ieee_document_id"": [""10812011""]}","[""IEEE Xplore""]",2,2,2024-12-27T03:22:33,2025-01-10T05:57:34
gsa-ee42631ae120,A survey on task type-based computation offloading in mobile edge networks,2025,True,8,"[""computing_context"", ""task_resource_context"", ""strong_computing_context"", ""network_context""]",,https://www.sciencedirect.com/science/article/pii/S1570870525000022,[],"[""https://www.sciencedirect.com/science/article/pii/S1570870525000022""]",,,"{""sciencedirect_pii"": [""S1570870525000022""]}","[""ScienceDirect""]",1,1,2025-01-10T05:57:34,2025-01-10T05:57:34
gsa-6077e18ddd49,Trust-based resource allocation and task splitting in ultra-dense mobile edge computing network,2025,True,8,"[""computing_context"", ""task_resource_context"", ""strong_computing_context"", ""network_context""]",,https://link.springer.com/article/10.1007/s12083-024-01873-x,[],"[""https://link.springer.com/article/10.1007/s12083-024-01873-x""]",10.1007/s12083-024-01873-x,,"{""doi"": [""10.1007/s12083-024-01873-x""]}","[""Springer""]",2,2,2024-12-26T03:49:17,2025-01-09T06:27:44
gsa-e2842f2eee32,Robust Task Offloading and Trajectory Optimization for UAV-Mounted Mobile Edge Computing,2025,True,8,"[""computing_context"", ""task_resource_context"", ""strong_computing_context"", ""network_context""]",,https://search.proquest.com/openview/dffe91558592b596fb8438eb6319cc09/1?pq-origsite=gscholar&cbl=5046906,[],"[""https://search.proquest.com/openview/dffe91558592b596fb8438eb6319cc09/1?pq-origsite=gscholar&cbl=5046906""]",,,{},"[""ProQuest""]",2,2,2025-01-07T04:24:53,2025-01-09T06:27:44
gsa-840c6ee11815,An autonomic offloading and resource allocation technique for IoT applications in edge computing,2025,True,8,"[""computing_context"", ""task_resource_context"", ""strong_computing_context"", ""network_context""]",,https://link.springer.com/article/10.1007/s11227-024-06491-1,[],"[""https://link.springer.com/article/10.1007/s11227-024-06491-1""]",10.1007/s11227-024-06491-1,,"{""doi"": [""10.1007/s11227-024-06491-1""]}","[""Springer""]",1,1,2025-01-09T06:27:44,2025-01-09T06:27:44
gsa-2a9ec5088964,A Deep Reinforcement Learning Approach for Dependent Task Offloading in Multi-Access Edge Computing,2025,True,8,"[""computing_context"", ""task_resource_context"", ""adaptive_learning_context"", ""strong_computing_context""]",,https://ieeexplore.ieee.org/abstract/document/10810371/,[],"[""https://ieeexplore.ieee.org/abstract/document/10810371/""]",,,"{""ieee_document_id"": [""10810371""]}","[""IEEE Xplore""]",2,2,2024-12-26T03:49:17,2025-01-08T05:47:26
gsa-237d5f5d21a2,Social-Aware DT-Assisted Service Provisioning in Serverless Edge Computing,2025,True,5,"[""computing_context"", ""strong_computing_context""]",,https://cis.temple.edu/~wu/research/publications/Publication_files/Social-Aware%20DT-Assisted%20Service%20Provisioning%20in%20Serverless%20Edge%20Computing.pdf,"[""https://cis.temple.edu/~wu/research/publications/Publication_files/Social-Aware%20DT-Assisted%20Service%20Provisioning%20in%20Serverless%20Edge%20Computing.pdf""]",[],,,{},"[""cis.temple.edu""]",2,2,2024-12-28T05:27:07,2025-01-07T04:24:53
gsa-e8111bda7d8a,Task Offloading with LLM-Enhanced Multi-Agent Reinforcement Learning in UAV-Assisted Edge Computing,2025,True,9,"[""computing_context"", ""task_resource_context"", ""adaptive_learning_context"", ""strong_computing_context"", ""network_context""]",,https://www.mdpi.com/1424-8220/25/1/175,[],"[""https://www.mdpi.com/1424-8220/25/1/175""]",,,"{""mdpi_path"": [""1424-8220/25/1/175""]}","[""MDPI""]",1,1,2025-01-03T05:27:58,2025-01-03T05:27:58
gsa-0af0c86a5445,Research on Task Offloading and Delay Optimization of Unmanned Aerial Vehicle-Assisted Medical Edge Computing Based on Deep Reinforcement Learning,2025,True,8,"[""computing_context"", ""task_resource_context"", ""adaptive_learning_context"", ""strong_computing_context""]",,https://ieeexplore.ieee.org/abstract/document/10794604/,[],"[""https://ieeexplore.ieee.org/abstract/document/10794604/""]",,,"{""ieee_document_id"": [""10794604""]}","[""IEEE Xplore""]",2,2,2024-12-23T03:44:06,2025-01-03T05:27:58
gsa-0e564898410f,Offloading Game for Mobile Edge Computing with Random Access in IoT,2025,True,8,"[""computing_context"", ""task_resource_context"", ""strong_computing_context"", ""network_context""]",,https://ieeexplore.ieee.org/abstract/document/10794599/,[],"[""https://ieeexplore.ieee.org/abstract/document/10794599/""]",,,"{""ieee_document_id"": [""10794599""]}","[""IEEE Xplore""]",2,2,2024-12-16T02:02:19,2025-01-03T05:27:58
gsa-04c835f49fc1,FedCars: An Efficient Scheduling Framework for In-Vehicle Federated Learning Integrated With CARLA-Cosimulation,2025,True,7,"[""computing_context"", ""task_resource_context"", ""adaptive_learning_context"", ""network_context""]",,https://ieeexplore.ieee.org/abstract/document/10818578/,[],"[""https://ieeexplore.ieee.org/abstract/document/10818578/""]",,,"{""ieee_document_id"": [""10818578""]}","[""IEEE Xplore""]",1,1,2025-01-03T05:27:58,2025-01-03T05:27:58
gsa-d6ff4625b0c9,Partial Task Offloading for UAV-assisted Mobile Edge Computing with Energy Harvesting,2024,True,8,"[""computing_context"", ""task_resource_context"", ""strong_computing_context"", ""network_context""]",,https://ieeexplore.ieee.org/abstract/document/10817510/,[],"[""https://ieeexplore.ieee.org/abstract/document/10817510/""]",,,"{""ieee_document_id"": [""10817510""]}","[""IEEE Xplore""]",1,1,2024-12-31T02:39:56,2024-12-31T02:39:56
gsa-62c8abcf8287,Deep learning-based user authentication with hybrid encryption for secured blockchain-aided data storage and optimal task offloading in mobile edge computing,2024,True,9,"[""computing_context"", ""task_resource_context"", ""adaptive_learning_context"", ""strong_computing_context"", ""network_context""]",,https://link.springer.com/article/10.1007/s11276-024-03886-z,[],"[""https://link.springer.com/article/10.1007/s11276-024-03886-z""]",10.1007/s11276-024-03886-z,,"{""doi"": [""10.1007/s11276-024-03886-z""]}","[""Springer""]",1,1,2024-12-31T02:39:56,2024-12-31T02:39:56
gsa-ee94469353fa,"Reliability-Optimal UAV-Assisted Mobile Edge Computing: Joint Resource Allocation, Data Transmission Scheduling and Motion Control",2024,True,9,"[""computing_context"", ""task_resource_context"", ""adaptive_learning_context"", ""strong_computing_context"", ""network_context""]",,https://ieeexplore.ieee.org/abstract/document/10814060/,[],"[""https://ieeexplore.ieee.org/abstract/document/10814060/""]",,,"{""ieee_document_id"": [""10814060""]}","[""IEEE Xplore""]",1,1,2024-12-29T03:55:31,2024-12-29T03:55:31
gsa-9e5b6df2f7fc,Joint Data Retransmission and Client Selection Optimization for Error-Tolerant Federated Learning in UAV Networks,2024,True,7,"[""computing_context"", ""task_resource_context"", ""adaptive_learning_context"", ""network_context""]",,https://ieeexplore.ieee.org/abstract/document/10807260/,[],"[""https://ieeexplore.ieee.org/abstract/document/10807260/""]",,,"{""ieee_document_id"": [""10807260""]}","[""IEEE Xplore""]",1,1,2024-12-29T03:55:31,2024-12-29T03:55:31
gsa-6a1b610d6f2b,УГЛЕРОДНЫЙ СЛЕД ГЛОБАЛЬНЫХ ПРОДОВОЛЬСТВЕННЫХ СИСТЕМ: ВЫЗОВЫ И СТРАТЕГИИ СНИЖЕНИЯ,2024,False,-3,"[""off_topic_energy_carbon""]",energy/carbon/hydrogen topic without distributed-computing context,https://sciartel.ru/arhiv-journal/AP-2024-12.pdf#page=228,"[""https://sciartel.ru/arhiv-journal/AP-2024-12.pdf#page=228""]",[],,,{},"[""sciartel.ru""]",1,1,2024-12-28T05:27:07,2024-12-28T05:27:07
gsa-7a33288a0286,Towards Optimal Train Control: An Edge Computing Approach With Adaptive Computation Offloading,2024,True,9,"[""computing_context"", ""task_resource_context"", ""adaptive_learning_context"", ""strong_computing_context"", ""network_context""]",,https://ieeexplore.ieee.org/abstract/document/10786200/,[],"[""https://ieeexplore.ieee.org/abstract/document/10786200/""]",,,"{""ieee_document_id"": [""10786200""]}","[""IEEE Xplore""]",2,2,2024-12-14T03:42:00,2024-12-28T05:27:07
gsa-022245495b03,УГЛЕРОДНЫЙ СЛЕД И СПОСОБЫ ЕГО СНИЖЕНИЯ,2024,False,-3,"[""off_topic_energy_carbon""]",energy/carbon/hydrogen topic without distributed-computing context,https://lib.sevsu.ru/xmlui/bitstream/handle/123456789/11515/%D1%80_240130.pdf?sequence=3&isAllowed=y#page=160,"[""https://lib.sevsu.ru/xmlui/bitstream/handle/123456789/11515/%D1%80_240130.pdf?sequence=3&isAllowed=y#page=160""]",[],,,{},"[""lib.sevsu.ru""]",1,1,2024-12-26T03:49:17,2024-12-26T03:49:17
gsa-43c5350cf7dc,FLSN-MVO: Edge Computing and Privacy Protection Based on Federated Learning Siamese Network With Multi-Verse Optimization Algorithm for Industry 5.0,2024,True,9,"[""computing_context"", ""task_resource_context"", ""adaptive_learning_context"", ""strong_computing_context"", ""network_context""]",,https://ieeexplore.ieee.org/iel8/8782661/8901158/10807188.pdf,"[""https://ieeexplore.ieee.org/iel8/8782661/8901158/10807188.pdf""]",[],,,"{""ieee_document_id"": [""10807188""]}","[""IEEE Xplore""]",1,1,2024-12-24T07:03:32,2024-12-24T07:03:32
gsa-2f363a2f7636,Robust UAV Jittering and Task Scheduling in Mobile Edge Computing With Data Compression,2024,True,8,"[""computing_context"", ""task_resource_context"", ""strong_computing_context"", ""network_context""]",,https://arxiv.org/pdf/2412.13676,"[""https://arxiv.org/pdf/2412.13676""]",[],,2412.13676,"{""arxiv_id"": [""2412.13676""]}","[""arXiv""]",1,1,2024-12-22T08:22:42,2024-12-22T08:22:42
gsa-c1271510b92c,Enhancing E-business in industry 4.0: Integrating fog/edge computing with Data LakeHouse for IIoT,2024,True,6,"[""computing_context"", ""strong_computing_context"", ""network_context""]",,https://www.sciencedirect.com/science/article/pii/S0167739X24006174,[],"[""https://www.sciencedirect.com/science/article/pii/S0167739X24006174""]",,,"{""sciencedirect_pii"": [""S0167739X24006174""]}","[""ScienceDirect""]",2,2,2024-12-17T02:21:39,2024-12-22T08:22:42
gsa-87e01cd99a73,Task offloading and resource allocation in cellular heterogeneous networks for NOMA-based mobile edge computing,2024,True,8,"[""computing_context"", ""task_resource_context"", ""strong_computing_context"", ""network_context""]",,https://www.sciencedirect.com/science/article/pii/S1570870524003536,[],"[""https://www.sciencedirect.com/science/article/pii/S1570870524003536""]",,,"{""sciencedirect_pii"": [""S1570870524003536""]}","[""ScienceDirect""]",1,1,2024-12-21T06:03:30,2024-12-21T06:03:30
gsa-eb5458b8249d,Mobility-Aware Partial Task Offloading and Resource Allocation Based on Deep Reinforcement Learning for Mobile Edge Computing,2024,True,9,"[""computing_context"", ""task_resource_context"", ""adaptive_learning_context"", ""strong_computing_context"", ""network_context""]",,https://ieeexplore.ieee.org/abstract/document/10783056/,[],"[""https://ieeexplore.ieee.org/abstract/document/10783056/""]",,,"{""ieee_document_id"": [""10783056""]}","[""IEEE Xplore""]",2,2,2024-12-14T03:42:00,2024-12-18T06:33:07
gsa-6ef8679cee9b,Adaptive differential privacy in asynchronous federated learning for aerial-aided edge computing,2024,True,7,"[""computing_context"", ""adaptive_learning_context"", ""strong_computing_context"", ""network_context""]",,https://www.sciencedirect.com/science/article/pii/S1084804524002649,[],"[""https://www.sciencedirect.com/science/article/pii/S1084804524002649""]",,,"{""sciencedirect_pii"": [""S1084804524002649""]}","[""ScienceDirect""]",1,1,2024-12-18T06:33:07,2024-12-18T06:33:07
gsa-db445de3d989,Efficient and Privacy-Preserving Authentication for Federated Learning in Industrial Internet of Things Data Sharing Application,2024,True,5,"[""computing_context"", ""adaptive_learning_context"", ""network_context""]",,https://ieeexplore.ieee.org/abstract/document/10794647/,[],"[""https://ieeexplore.ieee.org/abstract/document/10794647/""]",,,"{""ieee_document_id"": [""10794647""]}","[""IEEE Xplore""]",1,1,2024-12-17T02:21:39,2024-12-17T02:21:39
gsa-6394fbe58bf9,Telemedicine Monitoring System Based on Fog/Edge Computing: A Survey,2024,True,5,"[""computing_context"", ""strong_computing_context""]",,https://ieeexplore.ieee.org/abstract/document/10772317/,[],"[""https://ieeexplore.ieee.org/abstract/document/10772317/""]",,,"{""ieee_document_id"": [""10772317""]}","[""IEEE Xplore""]",2,2,2024-12-06T15:36:50,2024-12-16T02:02:19
gsa-1abcdcdc117c,Task Offloading and Resource Pricing Based on Game Theory in UAV-Assisted Edge Computing,2024,True,9,"[""computing_context"", ""task_resource_context"", ""adaptive_learning_context"", ""strong_computing_context"", ""network_context""]",,https://ieeexplore.ieee.org/abstract/document/10783060/,[],"[""https://ieeexplore.ieee.org/abstract/document/10783060/""]",,,"{""ieee_document_id"": [""10783060""]}","[""IEEE Xplore""]",1,1,2024-12-16T02:02:19,2024-12-16T02:02:19
gsa-35612dd2943a,Distributed service caching with deep reinforcement learning for sustainable edge computing in large-scale AI,2024,True,9,"[""computing_context"", ""task_resource_context"", ""adaptive_learning_context"", ""strong_computing_context"", ""network_context""]",,https://www.sciencedirect.com/science/article/pii/S2352864824001573,[],"[""https://www.sciencedirect.com/science/article/pii/S2352864824001573""]",,,"{""sciencedirect_pii"": [""S2352864824001573""]}","[""ScienceDirect""]",1,1,2024-12-16T02:02:19,2024-12-16T02:02:19
gsa-b12e96652f86,Sum computation rate maximization for wireless powered OFDMA-based mobile edge computing network,2024,True,6,"[""computing_context"", ""strong_computing_context"", ""network_context""]",,https://www.sciencedirect.com/science/article/pii/S138912862400793X,[],"[""https://www.sciencedirect.com/science/article/pii/S138912862400793X""]",,,"{""sciencedirect_pii"": [""S138912862400793X""]}","[""ScienceDirect""]",1,1,2024-12-15T02:36:08,2024-12-15T02:36:08
gsa-bcbde1d571e9,QoS-Aware Augmented Reality Task Offloading and Resource Allocation in Cloud-Edge Collaboration Environment,2025,True,6,"[""computing_context"", ""task_resource_context"", ""network_context""]",,https://link.springer.com/article/10.1007/s10922-024-09878-w,[],"[""https://link.springer.com/article/10.1007/s10922-024-09878-w""]",10.1007/s10922-024-09878-w,,"{""doi"": [""10.1007/s10922-024-09878-w""]}","[""Springer""]",2,2,2024-11-24T05:17:22,2024-12-15T02:36:08
gsa-7d2f46dc6b3c,Privacy-Preserving Knowledge Distillation in Latency-Critical Federated Task Offloading for Consumer IoT Networks,2024,True,6,"[""computing_context"", ""task_resource_context"", ""network_context""]",,https://ieeexplore.ieee.org/abstract/document/10766375/,[],"[""https://ieeexplore.ieee.org/abstract/document/10766375/""]",,,"{""ieee_document_id"": [""10766375""]}","[""IEEE Xplore""]",2,2,2024-11-29T08:42:00,2024-12-14T03:42:00
gsa-d5f4adcd5fbd,Deep Reinforcement Learning Based Task Offloading and Resource Allocation in Mobile Edge Computing Network With Heterogeneous Tasks,2024,True,9,"[""computing_context"", ""task_resource_context"", ""adaptive_learning_context"", ""strong_computing_context"", ""network_context""]",,https://ieeexplore.ieee.org/abstract/document/10787003/,[],"[""https://ieeexplore.ieee.org/abstract/document/10787003/""]",,,"{""ieee_document_id"": [""10787003""]}","[""IEEE Xplore""]",1,1,2024-12-14T03:42:00,2024-12-14T03:42:00
gsa-bb632c2ba104,PopFL: A scalable Federated Learning model in serverless edge computing integrating with dynamic pop-up network,2024,True,7,"[""computing_context"", ""adaptive_learning_context"", ""strong_computing_context"", ""network_context""]",,https://www.sciencedirect.com/science/article/pii/S1570870524003391,[],"[""https://www.sciencedirect.com/science/article/pii/S1570870524003391""]",,,"{""sciencedirect_pii"": [""S1570870524003391""]}","[""ScienceDirect""]",1,1,2024-12-09T17:23:35,2024-12-09T17:23:35
gsa-b55edcdb017d,Offloading Revenue Maximization in Multi-UAV-Assisted Mobile Edge Computing for Video Stream,2024,True,8,"[""computing_context"", ""task_resource_context"", ""strong_computing_context"", ""network_context""]",,https://arxiv.org/pdf/2412.03965,"[""https://arxiv.org/pdf/2412.03965""]",[],,2412.03965,"{""arxiv_id"": [""2412.03965""]}","[""arXiv""]",1,1,2024-12-08T18:49:57,2024-12-08T18:49:57
gsa-803a5ba4ad94,BEFL: Balancing Energy Consumption in Federated Learning for Mobile Edge IoT,2024,True,5,"[""computing_context"", ""adaptive_learning_context"", ""network_context""]",,https://arxiv.org/pdf/2412.03950,"[""https://arxiv.org/pdf/2412.03950""]",[],,2412.03950,"{""arxiv_id"": [""2412.03950""]}","[""arXiv""]",1,1,2024-12-08T18:49:57,2024-12-08T18:49:57
gsa-933542a5022d,Joint Trajectory Planning and Task Offloading for MIMO UAV-aided Mobile Edge Computing,2024,True,8,"[""computing_context"", ""task_resource_context"", ""strong_computing_context"", ""network_context""]",,https://ieeexplore.ieee.org/abstract/document/10772328/,[],"[""https://ieeexplore.ieee.org/abstract/document/10772328/""]",,,"{""ieee_document_id"": [""10772328""]}","[""IEEE Xplore""]",1,1,2024-12-06T15:36:50,2024-12-06T15:36:50
gsa-ef326d7d03fa,New Continual Federated Learning System for Intrusion Detection in SDN-Based Edge Computing,2024,True,7,"[""computing_context"", ""adaptive_learning_context"", ""strong_computing_context"", ""network_context""]",,https://onlinelibrary.wiley.com/doi/abs/10.1002/cpe.8332,[],"[""https://onlinelibrary.wiley.com/doi/abs/10.1002/cpe.8332""]",10.1002/cpe.8332,,"{""doi"": [""10.1002/cpe.8332""]}","[""Wiley""]",1,1,2024-12-05T10:15:01,2024-12-05T10:15:01
gsa-ed63cbc5ecaa,Artificial Intelligence Inspired Task Offloading and Resource Orchestration in Intelligent Transportation Systems,2025,True,5,"[""computing_context"", ""task_resource_context""]",,https://link.springer.com/article/10.1007/s12559-024-10380-3,[],"[""https://link.springer.com/article/10.1007/s12559-024-10380-3""]",10.1007/s12559-024-10380-3,,"{""doi"": [""10.1007/s12559-024-10380-3""]}","[""Springer""]",1,1,2024-12-05T10:15:01,2024-12-05T10:15:01
gsa-aa5e3cf6e656,Tensor Dynamic Fusion Based Modality-Imbalanced Multimodal Federated Learning in Mobile Edge Computing for Consumer Applications,2024,True,6,"[""computing_context"", ""adaptive_learning_context"", ""strong_computing_context""]",,https://ieeexplore.ieee.org/abstract/document/10770193/,[],"[""https://ieeexplore.ieee.org/abstract/document/10770193/""]",,,"{""ieee_document_id"": [""10770193""]}","[""IEEE Xplore""]",1,1,2024-12-02T05:37:29,2024-12-02T05:37:29
gsa-e3fe7d313f23,Task Offloading Optimization Algorithm for UAV Assisted Mobile Edge Computing Network,2024,True,8,"[""computing_context"", ""task_resource_context"", ""strong_computing_context"", ""network_context""]",,https://ieeexplore.ieee.org/abstract/document/10765559/,[],"[""https://ieeexplore.ieee.org/abstract/document/10765559/""]",,,"{""ieee_document_id"": [""10765559""]}","[""IEEE Xplore""]",1,1,2024-12-02T05:37:29,2024-12-02T05:37:29
gsa-ef7f7ff01970,Integrating of IOTA-based blockchain with edge computing for task offloading powering the metaverse,2025,True,7,"[""computing_context"", ""task_resource_context"", ""strong_computing_context""]",,https://link.springer.com/article/10.1007/s10586-024-04705-y,[],"[""https://link.springer.com/article/10.1007/s10586-024-04705-y""]",10.1007/s10586-024-04705-y,,"{""doi"": [""10.1007/s10586-024-04705-y""]}","[""Springer""]",1,1,2024-11-30T08:31:22,2024-11-30T08:31:22
gsa-6dc5665d4dd1,FedCaSe: Enhancing Federated Learning with Heterogeneity-aware Caching and Scheduling,2024,True,7,"[""computing_context"", ""task_resource_context"", ""adaptive_learning_context"", ""network_context""]",,https://dl.acm.org/doi/abs/10.1145/3698038.3698559,[],"[""https://dl.acm.org/doi/abs/10.1145/3698038.3698559""]",10.1145/3698038.3698559,,"{""doi"": [""10.1145/3698038.3698559""]}","[""ACM Digital Library""]",1,1,2024-11-29T08:42:00,2024-11-29T08:42:00
gsa-4a91811d7099,A Hybrid Task scheduling technique in fog computing using fuzzy logic and Deep Reinforcement learning,2024,True,8,"[""computing_context"", ""task_resource_context"", ""adaptive_learning_context"", ""strong_computing_context""]",,https://ieeexplore.ieee.org/iel8/6287639/6514899/10766593.pdf,"[""https://ieeexplore.ieee.org/iel8/6287639/6514899/10766593.pdf""]",[],,,"{""ieee_document_id"": [""10766593""]}","[""IEEE Xplore""]",1,1,2024-11-29T08:42:00,2024-11-29T08:42:00
gsa-18ebf93a58b6,Биотопливо и его влияние на углеродный след,2024,False,-3,"[""off_topic_energy_carbon""]",energy/carbon/hydrogen topic without distributed-computing context,https://s.esrae.ru/energy-sources/pdf/2023/06/180.pdf,"[""https://s.esrae.ru/energy-sources/pdf/2023/06/180.pdf""]",[],,,{},"[""s.esrae.ru""]",1,1,2024-11-26T08:49:25,2024-11-26T08:49:25
gsa-0783de2c398b,LiteChain: A Lightweight Blockchain for Verifiable and Scalable Federated Learning in Massive Edge Networks,2024,True,7,"[""computing_context"", ""adaptive_learning_context"", ""strong_computing_context"", ""network_context""]",,https://ieeexplore.ieee.org/abstract/document/10740312/,[],"[""https://ieeexplore.ieee.org/abstract/document/10740312/""]",,,"{""ieee_document_id"": [""10740312""]}","[""IEEE Xplore""]",4,4,2024-11-04T09:08:46,2024-11-26T08:49:25
gsa-82755a6dc5ab,To Train or Not to Train: Balancing Efficiency and Training Cost in Deep Reinforcement Learning for Mobile Edge Computing,2024,True,6,"[""computing_context"", ""adaptive_learning_context"", ""strong_computing_context""]",,https://arxiv.org/pdf/2411.07086,"[""https://arxiv.org/pdf/2411.07086""]",[],,2411.07086,"{""arxiv_id"": [""2411.07086""]}","[""arXiv""]",3,3,2024-11-17T22:52:29,2024-11-25T05:44:43
gsa-25d68e1800ca,Dependency-Aware Joint Task Offloading and Resource Allocation in Heterogeneous Mobile Edge Computing,2024,True,8,"[""computing_context"", ""task_resource_context"", ""strong_computing_context"", ""network_context""]",,https://ieeexplore.ieee.org/abstract/document/10753464/,[],"[""https://ieeexplore.ieee.org/abstract/document/10753464/""]",,,"{""ieee_document_id"": [""10753464""]}","[""IEEE Xplore""]",2,2,2024-11-18T23:07:28,2024-11-25T05:44:43
gsa-1e96e89fe103,Enhancing 5G Vehicular Edge Computing Efficiency with the Hungarian Algorithm for Optimal Task Offloading,2024,True,8,"[""computing_context"", ""task_resource_context"", ""strong_computing_context"", ""network_context""]",,https://www.mdpi.com/2073-431X/13/11/279,[],"[""https://www.mdpi.com/2073-431X/13/11/279""]",,,"{""mdpi_path"": [""2073-431X/13/11/279""]}","[""MDPI""]",2,2,2024-11-01T05:49:41,2024-11-23T06:51:10
gsa-a3cd9f7c817b,Dynamic Offloading in Mobile Edge Computing with Traffic-Aware Network Slicing and Adaptive TD3 Strategy,2024,True,9,"[""computing_context"", ""task_resource_context"", ""adaptive_learning_context"", ""strong_computing_context"", ""network_context""]",,https://ieeexplore.ieee.org/abstract/document/10756668/,[],"[""https://ieeexplore.ieee.org/abstract/document/10756668/""]",,,"{""ieee_document_id"": [""10756668""]}","[""IEEE Xplore""]",1,1,2024-11-23T06:51:10,2024-11-23T06:51:10
gsa-94c62e52746f,Delay-aware Online Resource Allocation for Buffer-aided Synchronous Federated Learning over Wireless Networks,2024,True,7,"[""computing_context"", ""task_resource_context"", ""adaptive_learning_context"", ""network_context""]",,https://ieeexplore.ieee.org/iel8/6287639/6514899/10741242.pdf,"[""https://ieeexplore.ieee.org/iel8/6287639/6514899/10741242.pdf""]",[],,,"{""ieee_document_id"": [""10741242""]}","[""IEEE Xplore""]",1,1,2024-11-23T06:51:10,2024-11-23T06:51:10
gsa-483fd153e346,A hybrid evolutionary algorithm to improve task scheduling and load balancing in fog computing,2025,True,8,"[""computing_context"", ""task_resource_context"", ""adaptive_learning_context"", ""strong_computing_context""]",,https://link.springer.com/article/10.1007/s10586-024-04749-0,[],"[""https://link.springer.com/article/10.1007/s10586-024-04749-0""]",10.1007/s10586-024-04749-0,,"{""doi"": [""10.1007/s10586-024-04749-0""]}","[""Springer""]",1,1,2024-11-23T06:51:10,2024-11-23T06:51:10
gsa-a7edd0de66c0,Quantum-inspired gravitational search algorithm-based low-price binary task offloading for multi-users in unmanned aerial vehicle-assisted edge computing systems,2024,True,7,"[""computing_context"", ""task_resource_context"", ""strong_computing_context""]",,https://www.researchsquare.com/article/rs-5403941/latest.pdf,"[""https://www.researchsquare.com/article/rs-5403941/latest.pdf""]",[],,,{},"[""Research Square""]",1,1,2024-11-22T05:05:41,2024-11-22T05:05:41
gsa-ecee28331040,Optimizing Service Caching in Smart Buildings: A Dynamic Approach for Responsive IoT and Edge Computing Integration in Smart Cities,2024,True,8,"[""computing_context"", ""task_resource_context"", ""strong_computing_context"", ""network_context""]",,https://www.frontiersin.org/journals/communications-and-networks/articles/10.3389/frcmn.2024.1467812/full,[],"[""https://www.frontiersin.org/journals/communications-and-networks/articles/10.3389/frcmn.2024.1467812/full""]",10.3389/frcmn.2024.1467812,,"{""doi"": [""10.3389/frcmn.2024.1467812""]}","[""Frontiers""]",1,1,2024-11-22T05:05:41,2024-11-22T05:05:41
gsa-fe43f0cec019,Adaptive Prioritization and Task Offloading in Vehicular Edge Computing Through Deep Reinforcement Learning,2024,True,9,"[""computing_context"", ""task_resource_context"", ""adaptive_learning_context"", ""strong_computing_context"", ""network_context""]",,https://ieeexplore.ieee.org/abstract/document/10755183/,[],"[""https://ieeexplore.ieee.org/abstract/document/10755183/""]",,,"{""ieee_document_id"": [""10755183""]}","[""IEEE Xplore""]",1,1,2024-11-22T05:05:41,2024-11-22T05:05:41
gsa-64cab87f7848,"Federated learning for edge artificial intelligence: Enhancing security, robustness, privacy, personalization, and blockchain integration in IoT",2024,True,7,"[""computing_context"", ""adaptive_learning_context"", ""strong_computing_context"", ""network_context""]",,https://www.researchgate.net/profile/Nitin-Rane-2/publication/385160689_Federated_learning_for_edge_artificial_intelligence_Enhancing_security_robustness_privacy_personalization_and_blockchain_integration_in_IoT/links/671a259bacba566ad5fdffc8/Federated-learning-for-edge-artificial-intelligence-Enhancing-security-robustness-privacy-personalization-and-blockchain-integration-in-IoT.pdf,"[""https://www.researchgate.net/profile/Nitin-Rane-2/publication/385160689_Federated_learning_for_edge_artificial_intelligence_Enhancing_security_robustness_privacy_personalization_and_blockchain_integration_in_IoT/links/671a259bacba566ad5fdffc8/Federated-learning-for-edge-artificial-intelligence-Enhancing-security-robustness-privacy-personalization-and-blockchain-integration-in-IoT.pdf""]",[],,,{},"[""ResearchGate""]",1,1,2024-11-21T04:13:35,2024-11-21T04:13:35
gsa-f579026bc3bd,Adaptive Task Offloading for Mobile Edge Computing With Forecast Information,2024,True,8,"[""computing_context"", ""task_resource_context"", ""adaptive_learning_context"", ""strong_computing_context""]",,https://ieeexplore.ieee.org/abstract/document/10731846/,[],"[""https://ieeexplore.ieee.org/abstract/document/10731846/""]",,,"{""ieee_document_id"": [""10731846""]}","[""IEEE Xplore""]",2,2,2024-11-01T05:49:41,2024-11-20T04:46:24
gsa-a8c4705e4f68,Graph Convolutional Reinforcement Learning-Guided Joint Trajectory Optimization and Task Offloading for Aerial Edge Computing,2024,True,8,"[""computing_context"", ""task_resource_context"", ""adaptive_learning_context"", ""strong_computing_context""]",,https://ieeexplore.ieee.org/abstract/document/10753300/,[],"[""https://ieeexplore.ieee.org/abstract/document/10753300/""]",,,"{""ieee_document_id"": [""10753300""]}","[""IEEE Xplore""]",1,1,2024-11-18T23:07:28,2024-11-18T23:07:28
gsa-6b920a24cacd,FedSNN: Training Slimmable Neural Network With Federated Learning in Edge Computing,2024,True,7,"[""computing_context"", ""adaptive_learning_context"", ""strong_computing_context"", ""network_context""]",,https://www.computer.org/csdl/journal/nt/5555/01/10753647/21TGMCKxOla,[],"[""https://www.computer.org/csdl/journal/nt/5555/01/10753647/21TGMCKxOla""]",,,{},"[""IEEE Computer Society""]",1,1,2024-11-18T23:07:28,2024-11-18T23:07:28
gsa-1da59b1b3048,FedCust: Offloading hyperparameter customization for federated learning,2024,True,6,"[""computing_context"", ""task_resource_context"", ""adaptive_learning_context""]",,https://www.sciencedirect.com/science/article/pii/S0166531624000555,[],"[""https://www.sciencedirect.com/science/article/pii/S0166531624000555""]",,,"{""sciencedirect_pii"": [""S0166531624000555""]}","[""ScienceDirect""]",1,1,2024-11-18T23:07:28,2024-11-18T23:07:28
gsa-8441efef2436,A Novel Redundant Service Caching and Task Offloading Method in Mobile Edge Computing,2024,True,7,"[""computing_context"", ""task_resource_context"", ""strong_computing_context""]",,https://link.springer.com/chapter/10.1007/978-3-031-77072-2_3,[],"[""https://link.springer.com/chapter/10.1007/978-3-031-77072-2_3""]",10.1007/978-3-031-77072-2_3,,"{""doi"": [""10.1007/978-3-031-77072-2_3""]}","[""Springer""]",1,1,2024-11-18T23:07:28,2024-11-18T23:07:28
gsa-73ace555935b,Spectral Efficiency and Energy Efficiency Tradeoff in Multiuser RIS-Aided Mobile Edge Computing Networks,2024,True,6,"[""computing_context"", ""strong_computing_context"", ""network_context""]",,https://ieeexplore.ieee.org/iel8/8782661/8901158/10752574.pdf,"[""https://ieeexplore.ieee.org/iel8/8782661/8901158/10752574.pdf""]",[],,,"{""ieee_document_id"": [""10752574""]}","[""IEEE Xplore""]",1,1,2024-11-17T22:52:29,2024-11-17T22:52:29
gsa-7d67c20077b7,Latency Minimization for MEC-V2X Assisted Autonomous Vehicles Task Offloading,2024,True,8,"[""computing_context"", ""task_resource_context"", ""strong_computing_context"", ""network_context""]",,https://ieeexplore.ieee.org/abstract/document/10752420/,[],"[""https://ieeexplore.ieee.org/abstract/document/10752420/""]",,,"{""ieee_document_id"": [""10752420""]}","[""IEEE Xplore""]",1,1,2024-11-17T22:52:29,2024-11-17T22:52:29
gsa-62bc41203af0,Enhanced Task Scheduling and Resource Allocation in Edge-Cloud continuum Using Modified Flower Pollination Algorithm,2024,True,7,"[""computing_context"", ""task_resource_context"", ""strong_computing_context""]",,https://ieeexplore.ieee.org/iel8/6287639/10380310/10741195.pdf,"[""https://ieeexplore.ieee.org/iel8/6287639/10380310/10741195.pdf""]",[],,,"{""ieee_document_id"": [""10741195""]}","[""IEEE Xplore""]",2,2,2024-11-12T13:19:20,2024-11-17T22:52:29
gsa-bece5ed98b48,AI-Powered Edge Computing in Cloud Ecosystems: Enhancing Latency Reduction and Real-Time Decision-Making in Distributed Networks,2024,True,8,"[""computing_context"", ""task_resource_context"", ""strong_computing_context"", ""network_context""]",,https://welltestingjournal.com/index.php/WT/article/view/109,[],"[""https://welltestingjournal.com/index.php/WT/article/view/109""]",,,{},"[""welltestingjournal.com""]",1,1,2024-11-17T22:52:29,2024-11-17T22:52:29
gsa-6c8349c07732,A Quantum Reinforcement Learning Approach for Joint Resource Allocation and Task Offloading in Mobile Edge Computing,2024,True,8,"[""computing_context"", ""task_resource_context"", ""adaptive_learning_context"", ""strong_computing_context""]",,https://ieeexplore.ieee.org/abstract/document/10752359/,[],"[""https://ieeexplore.ieee.org/abstract/document/10752359/""]",,,"{""ieee_document_id"": [""10752359""]}","[""IEEE Xplore""]",1,1,2024-11-17T22:52:29,2024-11-17T22:52:29
gsa-7886023f83ff,Task offloading for multi-server edge computing in industrial Internet with joint load balance and fuzzy security,2024,True,8,"[""computing_context"", ""task_resource_context"", ""adaptive_learning_context"", ""strong_computing_context""]",,https://www.nature.com/articles/s41598-024-79464-2,[],"[""https://www.nature.com/articles/s41598-024-79464-2""]",10.1038/s41598-024-79464-2,,"{""doi"": [""10.1038/s41598-024-79464-2""]}","[""Nature""]",1,1,2024-11-17T01:02:38,2024-11-17T01:02:38
gsa-82911e415fff,"Task Scheduling in Cloud Environment-Techniques, Applications, and Tools: A Systematic",2024,True,7,"[""computing_context"", ""task_resource_context"", ""strong_computing_context""]",,https://www.researchgate.net/profile/Olanrewaju-Abraham-2/publication/384282037_Task_Scheduling_in_Cloud_Environment_-_Techniques_Applications_and_Tools_A_Systematic_Literature_Review/links/67065d2798b3cf6ba1571313/Task-Scheduling-in-Cloud-Environment-Techniques-Applications-and-Tools-A-Systematic-Literature-Review.pdf,"[""https://www.researchgate.net/profile/Olanrewaju-Abraham-2/publication/384282037_Task_Scheduling_in_Cloud_Environment_-_Techniques_Applications_and_Tools_A_Systematic_Literature_Review/links/67065d2798b3cf6ba1571313/Task-Scheduling-in-Cloud-Environment-Techniques-Applications-and-Tools-A-Systematic-Literature-Review.pdf""]",[],,,{},"[""ResearchGate""]",2,2,2024-11-01T05:49:41,2024-11-17T01:02:38
gsa-0e94d8b94782,Fuzzy-based task offloading in Internet of Vehicles (IoV) edge computing for latency-sensitive applications,2024,True,9,"[""computing_context"", ""task_resource_context"", ""adaptive_learning_context"", ""strong_computing_context"", ""network_context""]",,https://www.sciencedirect.com/science/article/pii/S2542660524003330,[],"[""https://www.sciencedirect.com/science/article/pii/S2542660524003330""]",,,"{""sciencedirect_pii"": [""S2542660524003330""]}","[""ScienceDirect""]",1,1,2024-11-17T01:02:38,2024-11-17T01:02:38
gsa-9afaffc333cb,A Practical Federated Learning Framework with Truthful Incentive in UAV-Assisted Crowdsensing,2024,True,5,"[""computing_context"", ""adaptive_learning_context"", ""network_context""]",,https://ieeexplore.ieee.org/abstract/document/10731856/,[],"[""https://ieeexplore.ieee.org/abstract/document/10731856/""]",,,"{""ieee_document_id"": [""10731856""]}","[""IEEE Xplore""]",1,1,2024-11-17T01:02:38,2024-11-17T01:02:38
gsa-34ef5e69430e,Fault tolerant & priority basis task offloading and scheduling model for IoT logistics,2025,True,6,"[""computing_context"", ""task_resource_context"", ""network_context""]",,https://www.sciencedirect.com/science/article/pii/S1110016824011712,[],"[""https://www.sciencedirect.com/science/article/pii/S1110016824011712""]",,,"{""sciencedirect_pii"": [""S1110016824011712""]}","[""ScienceDirect""]",3,3,2024-11-01T05:49:41,2024-11-16T00:55:08
gsa-27d52e17d2dc,"Оценка углеродного следа производства конструкционных материалов, используемых в водородной энергетике",2024,False,-3,"[""off_topic_energy_carbon""]",energy/carbon/hydrogen topic without distributed-computing context,https://www.ecology-kalvis.ru/jour/article/download/2766/1937,"[""https://www.ecology-kalvis.ru/jour/article/download/2766/1937""]",[],,,{},"[""www.ecology-kalvis.ru""]",1,1,2024-11-11T12:29:29,2024-11-11T12:29:29
gsa-10b28b6c2aa0,Multi-Objectives Firefly Algorithm for Task Offloading in the Edge-Fog-Cloud Computing,2024,True,7,"[""computing_context"", ""task_resource_context"", ""strong_computing_context""]",,https://ieeexplore.ieee.org/iel8/6287639/6514899/10738798.pdf,"[""https://ieeexplore.ieee.org/iel8/6287639/6514899/10738798.pdf""]",[],,,"{""ieee_document_id"": [""10738798""]}","[""IEEE Xplore""]",1,1,2024-11-11T12:29:29,2024-11-11T12:29:29
gsa-8bce4339caf9,Mobile Edge Computing for Multi-Services Digital Twin-Enabled IoT Heterogeneous Networks,2024,True,6,"[""computing_context"", ""strong_computing_context"", ""network_context""]",,https://ieeexplore.ieee.org/abstract/document/10742129/,[],"[""https://ieeexplore.ieee.org/abstract/document/10742129/""]",,,"{""ieee_document_id"": [""10742129""]}","[""IEEE Xplore""]",1,1,2024-11-11T12:29:29,2024-11-11T12:29:29
gsa-e703d6e70539,"Mobile Edge Communication, Computing and Caching (MEC3) in Vehicle Communication",2024,True,5,"[""computing_context"", ""task_resource_context""]",,https://onlinelibrary.wiley.com/doi/abs/10.1002/9781394166831.ch7,[],"[""https://onlinelibrary.wiley.com/doi/abs/10.1002/9781394166831.ch7""]",10.1002/9781394166831.ch7,,"{""doi"": [""10.1002/9781394166831.ch7""]}","[""Wiley""]",1,1,2024-11-11T12:29:29,2024-11-11T12:29:29
gsa-63a223bda870,Dynamic computation offloading and resource allocation in cache-assisted mobile edge computing systems,2024,True,7,"[""computing_context"", ""task_resource_context"", ""strong_computing_context""]",,https://digital-library.theiet.org/doi/abs/10.1049/PBTE096E_ch26,[],"[""https://digital-library.theiet.org/doi/abs/10.1049/PBTE096E_ch26""]",10.1049/PBTE096E_ch26,,"{""doi"": [""10.1049/PBTE096E_ch26""]}","[""IET Digital Library""]",1,1,2024-11-11T12:29:29,2024-11-11T12:29:29
gsa-e89c0f31a83d,Offloading computational tasks for MIMO-NOMA in mobile edge computing utilizing a hybrid Pufferfish and Osprey optimization algorithm,2024,True,8,"[""computing_context"", ""task_resource_context"", ""strong_computing_context"", ""network_context""]",,https://www.sciencedirect.com/science/article/pii/S2090447924005173,[],"[""https://www.sciencedirect.com/science/article/pii/S2090447924005173""]",,,"{""sciencedirect_pii"": [""S2090447924005173""]}","[""ScienceDirect""]",1,1,2024-11-10T16:03:55,2024-11-10T16:03:55
gsa-1b99bda8729e,Multi-objective Deep Reinforcement Learning for Function Offloading in Serverless Edge Computing,2024,True,8,"[""computing_context"", ""task_resource_context"", ""adaptive_learning_context"", ""strong_computing_context""]",,https://ieeexplore.ieee.org/abstract/document/10740030/,[],"[""https://ieeexplore.ieee.org/abstract/document/10740030/""]",,,"{""ieee_document_id"": [""10740030""]}","[""IEEE Xplore""]",1,1,2024-11-04T09:08:46,2024-11-04T09:08:46
gsa-88f231cee038,ПРИМЕНЕНИЕ АДДИТИВНЫХ ТЕХНОЛОГИЙ ДЛЯ СНИЖЕНИЯ УГЛЕРОДНОГО СЛЕДА В СТРОИТЕЛЬСТВЕ,2024,False,-3,"[""off_topic_energy_carbon""]",energy/carbon/hydrogen topic without distributed-computing context,https://cyberleninka.ru/article/n/primenenie-additivnyh-tehnologiy-dlya-snizheniya-uglerodnogo-sleda-v-stroitelstve,[],"[""https://cyberleninka.ru/article/n/primenenie-additivnyh-tehnologiy-dlya-snizheniya-uglerodnogo-sleda-v-stroitelstve""]",,,{},"[""CyberLeninka""]",1,1,2024-11-02T05:25:35,2024-11-02T05:25:35
gsa-4c4c205f116b,SITOff: Enabling Size-Insensitive Task Offloading in D2D-Assisted Mobile Edge Computing,2024,True,7,"[""computing_context"", ""task_resource_context"", ""strong_computing_context""]",,https://ieeexplore.ieee.org/abstract/document/10736958/,[],"[""https://ieeexplore.ieee.org/abstract/document/10736958/""]",,,"{""ieee_document_id"": [""10736958""]}","[""IEEE Xplore""]",1,1,2024-11-02T05:25:35,2024-11-02T05:25:35
gsa-31aa398f4c00,Distributed Resource Management and Task Scheduling in MEC Networks Against Intelligent Eavesdropping Jammer,2024,True,8,"[""computing_context"", ""task_resource_context"", ""strong_computing_context"", ""network_context""]",,https://ieeexplore.ieee.org/abstract/document/10737130/,[],"[""https://ieeexplore.ieee.org/abstract/document/10737130/""]",,,"{""ieee_document_id"": [""10737130""]}","[""IEEE Xplore""]",1,1,2024-11-02T05:25:35,2024-11-02T05:25:35
gsa-b21c23b67f1d,A hierarchical adaptive federated reinforcement learning for efficient resource allocation and task scheduling in hierarchical IoT network,2024,True,9,"[""computing_context"", ""task_resource_context"", ""adaptive_learning_context"", ""strong_computing_context"", ""network_context""]",,https://www.sciencedirect.com/science/article/pii/S0140366424003165,[],"[""https://www.sciencedirect.com/science/article/pii/S0140366424003165""]",,,"{""sciencedirect_pii"": [""S0140366424003165""]}","[""ScienceDirect""]",1,1,2024-11-02T05:25:35,2024-11-02T05:25:35
gsa-7459f0141854,Service chain caching and task offloading in two-tier UAV-assisted vehicular edge computing networks: an Attention-DRL method,2024,True,8,"[""computing_context"", ""task_resource_context"", ""strong_computing_context"", ""network_context""]",,https://www.sciencedirect.com/science/article/pii/S2352864824001263,[],"[""https://www.sciencedirect.com/science/article/pii/S2352864824001263""]",,,"{""sciencedirect_pii"": [""S2352864824001263""]}","[""ScienceDirect""]",1,1,2024-11-01T05:49:41,2024-11-01T05:49:41
gsa-fbd20d26fbb8,DELIGHT: a willingness-aware collaborative edge service offloading utilizing deep reinforcement learning,2025,True,8,"[""computing_context"", ""task_resource_context"", ""adaptive_learning_context"", ""strong_computing_context""]",,https://link.springer.com/article/10.1007/s10586-024-04708-9,[],"[""https://link.springer.com/article/10.1007/s10586-024-04708-9""]",10.1007/s10586-024-04708-9,,"{""doi"": [""10.1007/s10586-024-04708-9""]}","[""Springer""]",1,1,2024-11-01T05:49:41,2024-11-01T05:49:41
gsa-be73a2c1073b,DRL-Based Trajectory Optimization and Task Offloading in Hierarchical Aerial MEC,2024,True,8,"[""computing_context"", ""task_resource_context"", ""strong_computing_context"", ""network_context""]",,https://ieeexplore.ieee.org/abstract/document/10716541/,[],"[""https://ieeexplore.ieee.org/abstract/document/10716541/""]",,,"{""ieee_document_id"": [""10716541""]}","[""IEEE Xplore""]",1,1,2024-10-29T07:05:00,2024-10-29T07:05:00
gsa-c13a950bfa47,Energy-Efficient Trajectory Optimization Algorithm Based on K-Medoids Clustering and Gradient-Based Optimizer for Multi-UAV-Assisted Mobile Edge Computing Systems,2024,True,8,"[""computing_context"", ""task_resource_context"", ""strong_computing_context"", ""network_context""]",,https://www.sciencedirect.com/science/article/pii/S2210537924000908,[],"[""https://www.sciencedirect.com/science/article/pii/S2210537924000908""]",,,"{""sciencedirect_pii"": [""S2210537924000908""]}","[""ScienceDirect""]",1,1,2024-10-28T04:07:53,2024-10-28T04:07:53
gsa-f93924f001ad,"UAV-mounted IRS assisted wireless powered mobile edge computing systems: Joint beamforming design, resource allocation and position optimization",2024,True,8,"[""computing_context"", ""task_resource_context"", ""strong_computing_context"", ""network_context""]",,https://www.sciencedirect.com/science/article/pii/S1389128624006789,[],"[""https://www.sciencedirect.com/science/article/pii/S1389128624006789""]",,,"{""sciencedirect_pii"": [""S1389128624006789""]}","[""ScienceDirect""]",1,1,2024-10-27T03:07:55,2024-10-27T03:07:55
gsa-f9b284241a01,Task Offloading and Trajectory Optimization in UAV Networks: A Deep Reinforcement Learning Method Based on SAC and A-Star.,2024,True,7,"[""computing_context"", ""task_resource_context"", ""adaptive_learning_context"", ""network_context""]",,https://cdn.techscience.cn/files/CMES/2024/TSP_CMES-141-2/TSP_CMES_54002/TSP_CMES_54002.pdf,"[""https://cdn.techscience.cn/files/CMES/2024/TSP_CMES-141-2/TSP_CMES_54002/TSP_CMES_54002.pdf""]",[],,,{},"[""cdn.techscience.cn""]",1,1,2024-10-27T03:07:55,2024-10-27T03:07:55
gsa-a2670feeae96,Asynchronous Fractional Multi-Agent Deep Reinforcement Learning for Age-Minimal Mobile Edge Computing,2024,True,6,"[""computing_context"", ""adaptive_learning_context"", ""strong_computing_context""]",,https://arxiv.org/pdf/2409.16832,"[""https://arxiv.org/pdf/2409.16832""]",[],,2409.16832,"{""arxiv_id"": [""2409.16832""]}","[""arXiv""]",1,1,2024-10-26T00:55:40,2024-10-26T00:55:40
gsa-c2fd9e035895,A Comparative Analysis of Population-Based Algorithm for Optimizing Cost and Makespan for Task Scheduling in Cloud-Fog,2024,True,7,"[""computing_context"", ""task_resource_context"", ""strong_computing_context""]",,https://www.google.com/books?hl=en&lr=lang_en&id=xGUrEQAAQBAJ&oi=fnd&pg=PA71,[],"[""https://www.google.com/books?hl=en&lr=lang_en&id=xGUrEQAAQBAJ&oi=fnd&pg=PA71""]",,,"{""google_books_id"": [""xGUrEQAAQBAJ""], ""google_books_page"": [""PA71""]}","[""Google Books""]",1,1,2024-10-26T00:55:40,2024-10-26T00:55:40
gsa-8a5ed28bcada,Task Offloading in Edge Computing: An Evolutionary Algorithm With Multi-Model Online Prediction,2024,True,9,"[""computing_context"", ""task_resource_context"", ""adaptive_learning_context"", ""strong_computing_context"", ""network_context""]",,https://ieeexplore.ieee.org/abstract/document/10698776/,[],"[""https://ieeexplore.ieee.org/abstract/document/10698776/""]",,,"{""ieee_document_id"": [""10698776""]}","[""IEEE Xplore""]",1,1,2024-10-24T23:19:09,2024-10-24T23:19:09
gsa-aa5e768b278e,A deep Q-learning model for sequential task offloading in edge AI systems,2024,True,9,"[""computing_context"", ""task_resource_context"", ""adaptive_learning_context"", ""strong_computing_context"", ""network_context""]",,https://ieeexplore.ieee.org/iel8/9195266/10706756/10706757.pdf,"[""https://ieeexplore.ieee.org/iel8/9195266/10706756/10706757.pdf""]",[],,,"{""ieee_document_id"": [""10706757""]}","[""IEEE Xplore""]",1,1,2024-10-24T23:19:09,2024-10-24T23:19:09
gsa-dfa1b2434261,A Multi-UAV Cooperative Task Scheduling in Dynamic Environments: Throughput Maximization,2024,True,6,"[""computing_context"", ""task_resource_context"", ""network_context""]",,https://www.computer.org/csdl/journal/tc/5555/01/10723779/21dMxTj179K,[],"[""https://www.computer.org/csdl/journal/tc/5555/01/10723779/21dMxTj179K""]",,,{},"[""IEEE Computer Society""]",1,1,2024-10-24T23:19:09,2024-10-24T23:19:09
